Source;Target;Label;Weight
2;1;PEdge21;0.11407
3;1;PEdge31;0.037203
3;2;PEdge32;0.63435
4;1;PEdge41;0.037288
4;2;PEdge42;0.63435
4;3;PEdge43;0.99264
5;1;PEdge51;0.033488
5;2;PEdge52;0.49008
5;3;PEdge53;0.25344
5;4;PEdge54;0.25353
6;1;PEdge61;0.07914
6;2;PEdge62;0.61652
6;3;PEdge63;0.58848
6;4;PEdge64;0.58847
6;5;PEdge65;0.37353
7;1;PEdge71;0.15441
7;2;PEdge72;0.61302
7;3;PEdge73;0.78754
7;4;PEdge74;0.78739
7;5;PEdge75;0.1521
7;6;PEdge76;0.55223
8;1;PEdge81;0.12629
8;2;PEdge82;0.68716
8;3;PEdge83;0.49282
8;4;PEdge84;0.49282
8;5;PEdge85;0.48449
8;6;PEdge86;0.55149
8;7;PEdge87;0.50243
9;1;PEdge91;0.029127
9;2;PEdge92;0.44838
9;3;PEdge93;0.20985
9;4;PEdge94;0.20994
9;5;PEdge95;0.44977
9;6;PEdge96;0.338
9;7;PEdge97;0.11231
9;8;PEdge98;0.44792
10;1;PEdge101;0.060205
10;2;PEdge102;0.50765
10;3;PEdge103;0.4347
10;4;PEdge104;0.43472
10;5;PEdge105;0.34659
10;6;PEdge106;0.41703
10;7;PEdge107;0.39126
10;8;PEdge108;0.46474
10;9;PEdge109;0.31836
11;1;PEdge111;0.020553
11;2;PEdge112;0.50077
11;3;PEdge113;0.20902
11;4;PEdge114;0.20914
11;5;PEdge115;0.53252
11;6;PEdge116;0.37254
11;7;PEdge117;0.07673
11;8;PEdge118;0.50614
11;9;PEdge119;0.50927
11;10;PEdge1110;0.35897
12;1;PEdge121;0.15441
12;2;PEdge122;0.63283
12;3;PEdge123;0.77515
12;4;PEdge124;0.77502
12;5;PEdge125;0.18796
12;6;PEdge126;0.56349
12;7;PEdge127;0.88227
12;8;PEdge128;0.52678
12;9;PEdge129;0.14767
12;10;PEdge1210;0.40652
12;11;PEdge1211;0.12062
13;1;PEdge131;0.037232
13;2;PEdge132;0.63433
13;3;PEdge133;0.99263
13;4;PEdge134;0.99263
13;5;PEdge135;0.25345
13;6;PEdge136;0.58846
13;7;PEdge137;0.78749
13;8;PEdge138;0.4928
13;9;PEdge139;0.20985
13;10;PEdge1310;0.43469
13;11;PEdge1311;0.20903
13;12;PEdge1312;0.77511
14;1;PEdge141;0.13909
14;2;PEdge142;0.68348
14;3;PEdge143;0.70193
14;4;PEdge144;0.70186
14;5;PEdge145;0.32447
14;6;PEdge146;0.58445
14;7;PEdge147;0.756
14;8;PEdge148;0.5985
14;9;PEdge149;0.2838
14;10;PEdge1410;0.45032
14;11;PEdge1411;0.29285
14;12;PEdge1412;0.75588
14;13;PEdge1413;0.7019
15;1;PEdge151;0.15459
15;2;PEdge152;0.6146
15;3;PEdge153;0.78799
15;4;PEdge154;0.78785
15;5;PEdge155;0.15379
15;6;PEdge156;0.55338
15;7;PEdge157;0.90357
15;8;PEdge158;0.50406
15;9;PEdge159;0.11393
15;10;PEdge1510;0.39238
15;11;PEdge1511;0.078666
15;12;PEdge1512;0.88263
15;13;PEdge1513;0.78795
15;14;PEdge1514;0.75692
16;1;PEdge161;0.03724
16;2;PEdge162;0.63438
16;3;PEdge163;0.99261
16;4;PEdge164;0.99261
16;5;PEdge165;0.25353
16;6;PEdge166;0.58849
16;7;PEdge167;0.78744
16;8;PEdge168;0.49286
16;9;PEdge169;0.20994
16;10;PEdge1610;0.43473
16;11;PEdge1611;0.20914
16;12;PEdge1612;0.77506
16;13;PEdge1613;0.99261
16;14;PEdge1614;0.7019
16;15;PEdge1615;0.78789
17;1;PEdge171;0.037463
17;2;PEdge172;0.63406
17;3;PEdge173;0.9926
17;4;PEdge174;0.9926
17;5;PEdge175;0.25334
17;6;PEdge176;0.58826
17;7;PEdge177;0.78716
17;8;PEdge178;0.49252
17;9;PEdge179;0.20976
17;10;PEdge1710;0.43453
17;11;PEdge1711;0.20895
17;12;PEdge1712;0.77478
17;13;PEdge1713;0.9926
17;14;PEdge1714;0.70159
17;15;PEdge1715;0.78761
17;16;PEdge1716;0.99258
18;1;PEdge181;0.037192
18;2;PEdge182;0.63435
18;3;PEdge183;0.99264
18;4;PEdge184;0.99264
18;5;PEdge185;0.25343
18;6;PEdge186;0.58848
18;7;PEdge187;0.78756
18;8;PEdge188;0.49283
18;9;PEdge189;0.20984
18;10;PEdge1810;0.4347
18;11;PEdge1811;0.20901
18;12;PEdge1812;0.77517
18;13;PEdge1813;0.99263
18;14;PEdge1814;0.70194
18;15;PEdge1815;0.78801
18;16;PEdge1816;0.99261
18;17;PEdge1817;0.9926
19;1;PEdge191;0.037214
19;2;PEdge192;0.63449
19;3;PEdge193;0.99262
19;4;PEdge194;0.99262
19;5;PEdge195;0.25365
19;6;PEdge196;0.58857
19;7;PEdge197;0.78745
19;8;PEdge198;0.49298
19;9;PEdge199;0.21006
19;10;PEdge1910;0.43481
19;11;PEdge1911;0.20928
19;12;PEdge1912;0.77509
19;13;PEdge1913;0.99262
19;14;PEdge1914;0.70196
19;15;PEdge1915;0.78791
19;16;PEdge1916;0.9926
19;17;PEdge1917;0.99259
19;18;PEdge1918;0.99263
20;1;PEdge201;0.037205
20;2;PEdge202;0.6343
20;3;PEdge203;0.99263
20;4;PEdge204;0.99263
20;5;PEdge205;0.25338
20;6;PEdge206;0.58844
20;7;PEdge207;0.78755
20;8;PEdge208;0.49277
20;9;PEdge209;0.20979
20;10;PEdge2010;0.43467
20;11;PEdge2011;0.20895
20;12;PEdge2012;0.77516
20;13;PEdge2013;0.99263
20;14;PEdge2014;0.70191
20;15;PEdge2015;0.788
20;16;PEdge2016;0.9926
20;17;PEdge2017;0.99259
20;18;PEdge2018;0.99263
20;19;PEdge2019;0.99262
21;1;PEdge211;0.037048
21;2;PEdge212;0.63445
21;3;PEdge213;0.99263
21;4;PEdge214;0.99263
21;5;PEdge215;0.25341
21;6;PEdge216;0.58855
21;7;PEdge217;0.78776
21;8;PEdge218;0.49292
21;9;PEdge219;0.20981
21;10;PEdge2110;0.43474
21;11;PEdge2111;0.20896
21;12;PEdge2112;0.77537
21;13;PEdge2113;0.99262
21;14;PEdge2114;0.7021
21;15;PEdge2115;0.78822
21;16;PEdge2116;0.9926
21;17;PEdge2117;0.99259
21;18;PEdge2118;0.99263
21;19;PEdge2119;0.99261
21;20;PEdge2120;0.99262
22;1;PEdge221;0.037272
22;2;PEdge222;0.63415
22;3;PEdge223;0.99261
22;4;PEdge224;0.99261
22;5;PEdge225;0.25324
22;6;PEdge226;0.58833
22;7;PEdge227;0.78747
22;8;PEdge228;0.49261
22;9;PEdge229;0.20966
22;10;PEdge2210;0.43456
22;11;PEdge2211;0.2088
22;12;PEdge2212;0.77507
22;13;PEdge2213;0.99261
22;14;PEdge2214;0.70179
22;15;PEdge2215;0.78793
22;16;PEdge2216;0.99259
22;17;PEdge2217;0.99258
22;18;PEdge2218;0.99261
22;19;PEdge2219;0.9926
22;20;PEdge2220;0.99261
22;21;PEdge2221;0.9926
23;1;PEdge231;0.013046
23;2;PEdge232;0.038087
23;3;PEdge233;0.1878
23;4;PEdge234;0.18777
23;5;PEdge235;0.059316
23;6;PEdge236;0.055882
23;7;PEdge237;0.16944
23;8;PEdge238;0.0034466
23;9;PEdge239;0.064427
23;10;PEdge2310;0.02251
23;11;PEdge2311;0.087043
23;12;PEdge2312;0.15668
23;13;PEdge2313;0.18779
23;14;PEdge2314;0.10073
23;15;PEdge2315;0.16912
23;16;PEdge2316;0.18777
23;17;PEdge2317;0.18781
23;18;PEdge2318;0.1878
23;19;PEdge2319;0.18774
23;20;PEdge2320;0.18781
23;21;PEdge2321;0.18781
23;22;PEdge2322;0.18784
24;1;PEdge241;0.11788
24;2;PEdge242;0.63198
24;3;PEdge243;0.68519
24;4;PEdge244;0.68512
24;5;PEdge245;0.28742
24;6;PEdge246;0.54572
24;7;PEdge247;0.72012
24;8;PEdge248;0.54641
24;9;PEdge249;0.24915
24;10;PEdge2410;0.41685
24;11;PEdge2411;0.25399
24;12;PEdge2412;0.71772
24;13;PEdge2413;0.68516
24;14;PEdge2414;0.67532
24;15;PEdge2415;0.7209
24;16;PEdge2416;0.68515
24;17;PEdge2417;0.68489
24;18;PEdge2418;0.6852
24;19;PEdge2419;0.68521
24;20;PEdge2420;0.68517
24;21;PEdge2421;0.68533
24;22;PEdge2422;0.68507
24;23;PEdge2423;0.10542
25;1;PEdge251;0.12948
25;2;PEdge252;0.46636
25;3;PEdge253;0.55447
25;4;PEdge254;0.55436
25;5;PEdge255;0.13264
25;6;PEdge256;0.41347
25;7;PEdge257;0.65902
25;8;PEdge258;0.39091
25;9;PEdge259;0.10319
25;10;PEdge2510;0.29733
25;11;PEdge2511;0.080939
25;12;PEdge2512;0.64598
25;13;PEdge2513;0.55444
25;14;PEdge2514;0.56205
25;15;PEdge2515;0.65928
25;16;PEdge2516;0.5544
25;17;PEdge2517;0.55416
25;18;PEdge2518;0.55449
25;19;PEdge2519;0.55442
25;20;PEdge2520;0.55447
25;21;PEdge2521;0.55465
25;22;PEdge2522;0.55441
25;23;PEdge2523;0.11332
25;24;PEdge2524;0.5322
26;1;PEdge261;0.062639
26;2;PEdge262;0.48326
26;3;PEdge263;0.29341
26;4;PEdge264;0.29346
26;5;PEdge265;0.40523
26;6;PEdge266;0.37739
26;7;PEdge267;0.24934
26;8;PEdge268;0.4672
26;9;PEdge269;0.38072
26;10;PEdge2610;0.33419
26;11;PEdge2611;0.44235
26;12;PEdge2612;0.27584
26;13;PEdge2613;0.29341
26;14;PEdge2614;0.36938
26;15;PEdge2615;0.25075
26;16;PEdge2616;0.29347
26;17;PEdge2617;0.29325
26;18;PEdge2618;0.29341
26;19;PEdge2619;0.29358
26;20;PEdge2620;0.29337
26;21;PEdge2621;0.29344
26;22;PEdge2622;0.29324
26;23;PEdge2623;0.029582
26;24;PEdge2624;0.33249
26;25;PEdge2625;0.20156
27;1;PEdge271;0.015473
27;2;PEdge272;0.30699
27;3;PEdge273;0.22987
27;4;PEdge274;0.22991
27;5;PEdge275;0.25476
27;6;PEdge276;0.24541
27;7;PEdge277;0.1639
27;8;PEdge278;0.28896
27;9;PEdge279;0.23847
27;10;PEdge2710;0.21502
27;11;PEdge2711;0.2776
27;12;PEdge2712;0.17962
27;13;PEdge2713;0.22987
27;14;PEdge2714;0.23618
27;15;PEdge2715;0.16476
27;16;PEdge2716;0.22991
27;17;PEdge2717;0.22981
27;18;PEdge2718;0.22986
27;19;PEdge2719;0.22997
27;20;PEdge2720;0.22984
27;21;PEdge2721;0.22986
27;22;PEdge2722;0.22977
27;23;PEdge2723;0.0078107
27;24;PEdge2724;0.2161
27;25;PEdge2725;0.12813
27;26;PEdge2726;0.22738
28;1;PEdge281;0.037189
28;2;PEdge282;0.63432
28;3;PEdge283;0.99263
28;4;PEdge284;0.99263
28;5;PEdge285;0.25339
28;6;PEdge286;0.58845
28;7;PEdge287;0.78756
28;8;PEdge288;0.49279
28;9;PEdge289;0.2098
28;10;PEdge2810;0.43468
28;11;PEdge2811;0.20896
28;12;PEdge2812;0.77518
28;13;PEdge2813;0.99262
28;14;PEdge2814;0.70193
28;15;PEdge2815;0.78802
28;16;PEdge2816;0.9926
28;17;PEdge2817;0.99259
28;18;PEdge2818;0.99263
28;19;PEdge2819;0.99261
28;20;PEdge2820;0.99262
28;21;PEdge2821;0.99262
28;22;PEdge2822;0.9926
28;23;PEdge2823;0.18781
28;24;PEdge2824;0.68519
28;25;PEdge2825;0.55449
28;26;PEdge2826;0.29338
28;27;PEdge2827;0.22984
29;1;PEdge291;0.2113
29;2;PEdge292;0.39046
29;3;PEdge293;0.17727
29;4;PEdge294;0.17716
29;5;PEdge295;0.1917
29;6;PEdge296;0.30513
29;7;PEdge297;0.4152
29;8;PEdge298;0.38186
29;9;PEdge299;0.17218
29;10;PEdge2910;0.24193
29;11;PEdge2911;0.17497
29;12;PEdge2912;0.41991
29;13;PEdge2913;0.17723
29;14;PEdge2914;0.4093
29;15;PEdge2915;0.41589
29;16;PEdge2916;0.17723
29;17;PEdge2917;0.17684
29;18;PEdge2918;0.17729
29;19;PEdge2919;0.1773
29;20;PEdge2920;0.17726
29;21;PEdge2921;0.1775
29;22;PEdge2922;0.17712
29;23;PEdge2923;0.0032604
29;24;PEdge2924;0.36616
29;25;PEdge2925;0.3294
29;26;PEdge2926;0.23081
29;27;PEdge2927;0.11665
29;28;PEdge2928;0.17728
30;1;PEdge301;0.037261
30;2;PEdge302;0.63435
30;3;PEdge303;0.99263
30;4;PEdge304;0.99263
30;5;PEdge305;0.25351
30;6;PEdge306;0.58847
30;7;PEdge307;0.78743
30;8;PEdge308;0.49283
30;9;PEdge309;0.20992
30;10;PEdge3010;0.43471
30;11;PEdge3011;0.20911
30;12;PEdge3012;0.77506
30;13;PEdge3013;0.99263
30;14;PEdge3014;0.70188
30;15;PEdge3015;0.78789
30;16;PEdge3016;0.99261
30;17;PEdge3017;0.99259
30;18;PEdge3018;0.99263
30;19;PEdge3019;0.99262
30;20;PEdge3020;0.99262
30;21;PEdge3021;0.99262
30;22;PEdge3022;0.99261
30;23;PEdge3023;0.18778
30;24;PEdge3024;0.68514
30;25;PEdge3025;0.55439
30;26;PEdge3026;0.29345
30;27;PEdge3027;0.2299
30;28;PEdge3028;0.99262
30;29;PEdge3029;0.17719
31;1;PEdge311;0.040692
31;2;PEdge312;0.16353
31;3;PEdge313;0.51586
31;4;PEdge314;0.51581
31;5;PEdge315;0.075751
31;6;PEdge316;0.1928
31;7;PEdge317;0.43477
31;8;PEdge318;0.074496
31;9;PEdge319;0.091993
31;10;PEdge3110;0.10654
31;11;PEdge3111;0.13458
31;12;PEdge3112;0.40852
31;13;PEdge3113;0.51585
31;14;PEdge3114;0.2916
31;15;PEdge3115;0.43421
31;16;PEdge3116;0.51579
31;17;PEdge3117;0.51588
31;18;PEdge3118;0.51586
31;19;PEdge3119;0.51574
31;20;PEdge3120;0.51588
31;21;PEdge3121;0.51587
31;22;PEdge3122;0.51594
31;23;PEdge3123;0.15204
31;24;PEdge3124;0.29947
31;25;PEdge3125;0.2932
31;26;PEdge3126;0.014986
31;27;PEdge3127;0.019982
31;28;PEdge3128;0.51588
31;29;PEdge3129;0.018522
31;30;PEdge3130;0.51582
32;1;PEdge321;0.037288
32;2;PEdge322;0.63435
32;3;PEdge323;0.99264
32;4;PEdge324;0.99264
32;5;PEdge325;0.25353
32;6;PEdge326;0.58847
32;7;PEdge327;0.78739
32;8;PEdge328;0.49282
32;9;PEdge329;0.20994
32;10;PEdge3210;0.43472
32;11;PEdge3211;0.20914
32;12;PEdge3212;0.77502
32;13;PEdge3213;0.99263
32;14;PEdge3214;0.70186
32;15;PEdge3215;0.78785
32;16;PEdge3216;0.99261
32;17;PEdge3217;0.9926
32;18;PEdge3218;0.99264
32;19;PEdge3219;0.99262
32;20;PEdge3220;0.99263
32;21;PEdge3221;0.99263
32;22;PEdge3222;0.99261
32;23;PEdge3223;0.18777
32;24;PEdge3224;0.68512
32;25;PEdge3225;0.55436
32;26;PEdge3226;0.29346
32;27;PEdge3227;0.22991
32;28;PEdge3228;0.99263
32;29;PEdge3229;0.17716
32;30;PEdge3230;0.99263
32;31;PEdge3231;0.51581
33;1;PEdge331;0.24587
33;2;PEdge332;0.50831
33;3;PEdge333;0.27334
33;4;PEdge334;0.2732
33;5;PEdge335;0.25287
33;6;PEdge336;0.40243
33;7;PEdge337;0.53652
33;8;PEdge338;0.48971
33;9;PEdge339;0.22677
33;10;PEdge3310;0.31865
33;11;PEdge3311;0.23238
33;12;PEdge3312;0.54233
33;13;PEdge3313;0.27328
33;14;PEdge3314;0.52955
33;15;PEdge3315;0.53741
33;16;PEdge3316;0.27329
33;17;PEdge3317;0.27283
33;18;PEdge3318;0.27335
33;19;PEdge3319;0.27337
33;20;PEdge3320;0.27332
33;21;PEdge3321;0.27361
33;22;PEdge3322;0.27315
33;23;PEdge3323;0.013202
33;24;PEdge3324;0.47703
33;25;PEdge3325;0.42184
33;26;PEdge3326;0.29899
33;27;PEdge3327;0.15737
33;28;PEdge3328;0.27334
33;29;PEdge3329;0.4803
33;30;PEdge3330;0.27325
33;31;PEdge3331;0.049973
33;32;PEdge3332;0.2732
34;1;PEdge341;0.037215
34;2;PEdge342;0.63442
34;3;PEdge343;0.99264
34;4;PEdge344;0.99264
34;5;PEdge345;0.25355
34;6;PEdge346;0.58852
34;7;PEdge347;0.78749
34;8;PEdge348;0.4929
34;9;PEdge349;0.20995
34;10;PEdge3410;0.43476
34;11;PEdge3411;0.20915
34;12;PEdge3412;0.77512
34;13;PEdge3413;0.99263
34;14;PEdge3414;0.70195
34;15;PEdge3415;0.78795
34;16;PEdge3416;0.99261
34;17;PEdge3417;0.9926
34;18;PEdge3418;0.99264
34;19;PEdge3419;0.99262
34;20;PEdge3420;0.99263
34;21;PEdge3421;0.99263
34;22;PEdge3422;0.99261
34;23;PEdge3423;0.18777
34;24;PEdge3424;0.68519
34;25;PEdge3425;0.55444
34;26;PEdge3426;0.2935
34;27;PEdge3427;0.22992
34;28;PEdge3428;0.99263
34;29;PEdge3429;0.17727
34;30;PEdge3430;0.99263
34;31;PEdge3431;0.5158
34;32;PEdge3432;0.99264
34;33;PEdge3433;0.27334
35;1;PEdge351;0.086876
35;2;PEdge352;0.6181
35;3;PEdge353;0.28543
35;4;PEdge354;0.28551
35;5;PEdge355;0.57143
35;6;PEdge356;0.46824
35;7;PEdge357;0.23186
35;8;PEdge358;0.61592
35;9;PEdge359;0.54184
35;10;PEdge3510;0.4301
35;11;PEdge3511;0.63678
35;12;PEdge3512;0.27431
35;13;PEdge3513;0.28543
35;14;PEdge3514;0.43066
35;15;PEdge3515;0.23393
35;16;PEdge3516;0.28553
35;17;PEdge3517;0.28522
35;18;PEdge3518;0.28542
35;19;PEdge3519;0.28568
35;20;PEdge3520;0.28536
35;21;PEdge3521;0.28545
35;22;PEdge3522;0.28518
35;23;PEdge3523;0.074978
35;24;PEdge3524;0.37954
35;25;PEdge3525;0.20063
35;26;PEdge3526;0.50054
35;27;PEdge3527;0.30638
35;28;PEdge3528;0.28537
35;29;PEdge3529;0.2993
35;30;PEdge3530;0.28549
35;31;PEdge3531;0.10448
35;32;PEdge3532;0.28551
35;33;PEdge3533;0.38342
35;34;PEdge3534;0.28556
36;1;PEdge361;0.073508
36;2;PEdge362;0.70586
36;3;PEdge363;0.63822
36;4;PEdge364;0.63824
36;5;PEdge365;0.47032
36;6;PEdge366;0.58482
36;7;PEdge367;0.56344
36;8;PEdge368;0.63966
36;9;PEdge369;0.43045
36;10;PEdge3610;0.48231
36;11;PEdge3611;0.48368
36;12;PEdge3612;0.58254
36;13;PEdge3613;0.63821
36;14;PEdge3614;0.63506
36;15;PEdge3615;0.56493
36;16;PEdge3616;0.63826
36;17;PEdge3617;0.63801
36;18;PEdge3618;0.63822
36;19;PEdge3619;0.63836
36;20;PEdge3620;0.63818
36;21;PEdge3621;0.63828
36;22;PEdge3622;0.63804
36;23;PEdge3623;0.042725
36;24;PEdge3624;0.59052
36;25;PEdge3625;0.42488
36;26;PEdge3626;0.4563
36;27;PEdge3627;0.29692
36;28;PEdge3628;0.63819
36;29;PEdge3629;0.32466
36;30;PEdge3630;0.63824
36;31;PEdge3631;0.17594
36;32;PEdge3632;0.63824
36;33;PEdge3633;0.43101
36;34;PEdge3634;0.63829
36;35;PEdge3635;0.58074
37;1;PEdge371;0.042947
37;2;PEdge372;0.71735
37;3;PEdge373;0.64634
37;4;PEdge374;0.64639
37;5;PEdge375;0.5143
37;6;PEdge376;0.59196
37;7;PEdge377;0.51487
37;8;PEdge378;0.65215
37;9;PEdge379;0.47401
37;10;PEdge3710;0.49633
37;11;PEdge3711;0.54031
37;12;PEdge3712;0.53908
37;13;PEdge3713;0.64633
37;14;PEdge3714;0.616
37;15;PEdge3715;0.51652
37;16;PEdge3716;0.64639
37;17;PEdge3717;0.64618
37;18;PEdge3718;0.64633
37;19;PEdge3719;0.64651
37;20;PEdge3720;0.64628
37;21;PEdge3721;0.64634
37;22;PEdge3722;0.64615
37;23;PEdge3723;0.031873
37;24;PEdge3724;0.57282
37;25;PEdge3725;0.38852
37;26;PEdge3726;0.48226
37;27;PEdge3727;0.31798
37;28;PEdge3728;0.64629
37;29;PEdge3729;0.28757
37;30;PEdge3730;0.64638
37;31;PEdge3731;0.15877
37;32;PEdge3732;0.64639
37;33;PEdge3733;0.38938
37;34;PEdge3734;0.64642
37;35;PEdge3735;0.62223
37;36;PEdge3736;0.69327
38;1;PEdge381;0.095857
38;2;PEdge382;0.1399
38;3;PEdge383;0.10436
38;4;PEdge384;0.10429
38;5;PEdge385;0.019097
38;6;PEdge386;0.11736
38;7;PEdge387;0.22872
38;8;PEdge388;0.1273
38;9;PEdge389;0.011172
38;10;PEdge3810;0.081026
38;11;PEdge3811;0.0037359
38;12;PEdge3812;0.2232
38;13;PEdge3813;0.10434
38;14;PEdge3814;0.18626
38;15;PEdge3815;0.22877
38;16;PEdge3816;0.10432
38;17;PEdge3817;0.10416
38;18;PEdge3818;0.10437
38;19;PEdge3819;0.10433
38;20;PEdge3820;0.10436
38;21;PEdge3821;0.10448
38;22;PEdge3822;0.10432
38;23;PEdge3823;0.025766
38;24;PEdge3824;0.171
38;25;PEdge3825;0.17443
38;26;PEdge3826;0.054593
38;27;PEdge3827;0.023212
38;28;PEdge3828;0.10437
38;29;PEdge3829;0.17129
38;30;PEdge3830;0.10431
38;31;PEdge3831;0.058412
38;32;PEdge3832;0.10429
38;33;PEdge3833;0.20703
38;34;PEdge3834;0.10434
38;35;PEdge3835;0.055441
38;36;PEdge3836;0.11137
38;37;PEdge3837;0.084859
39;1;PEdge391;0.019926
39;2;PEdge392;0.3081
39;3;PEdge393;0.14411
39;4;PEdge394;0.14417
39;5;PEdge395;0.30922
39;6;PEdge396;0.23224
39;7;PEdge397;0.07692
39;8;PEdge398;0.30782
39;9;PEdge399;0.29457
39;10;PEdge3910;0.21879
39;11;PEdge3911;0.35016
39;12;PEdge3912;0.10124
39;13;PEdge3913;0.14411
39;14;PEdge3914;0.19489
39;15;PEdge3915;0.078035
39;16;PEdge3916;0.14417
39;17;PEdge3917;0.14405
39;18;PEdge3918;0.1441
39;19;PEdge3919;0.14425
39;20;PEdge3920;0.14407
39;21;PEdge3921;0.14408
39;22;PEdge3922;0.14398
39;23;PEdge3923;0.04434
39;24;PEdge3924;0.17108
39;25;PEdge3925;0.070727
39;26;PEdge3926;0.2617
39;27;PEdge3927;0.16393
39;28;PEdge3928;0.14407
39;29;PEdge3929;0.11819
39;30;PEdge3930;0.14415
39;31;PEdge3931;0.063353
39;32;PEdge3932;0.14417
39;33;PEdge3933;0.15568
39;34;PEdge3934;0.14418
39;35;PEdge3935;0.37248
39;36;PEdge3936;0.29581
39;37;PEdge3937;0.32578
39;38;PEdge3938;0.007579
40;1;PEdge401;0.25824
40;2;PEdge402;0.43006
40;3;PEdge403;0.14346
40;4;PEdge404;0.14332
40;5;PEdge405;0.21807
40;6;PEdge406;0.3291
40;7;PEdge407;0.44475
40;8;PEdge408;0.43007
40;9;PEdge409;0.19745
40;10;PEdge4010;0.26386
40;11;PEdge4011;0.20183
40;12;PEdge4012;0.45176
40;13;PEdge4013;0.14341
40;14;PEdge4014;0.44592
40;15;PEdge4015;0.44557
40;16;PEdge4016;0.14341
40;17;PEdge4017;0.14295
40;18;PEdge4018;0.14348
40;19;PEdge4019;0.14349
40;20;PEdge4020;0.14344
40;21;PEdge4021;0.14374
40;22;PEdge4022;0.14328
40;23;PEdge4023;0.010631
40;24;PEdge4024;0.39465
40;25;PEdge4025;0.35818
40;26;PEdge4026;0.26156
40;27;PEdge4027;0.12671
40;28;PEdge4028;0.14347
40;29;PEdge4029;0.46839
40;30;PEdge4030;0.14337
40;31;PEdge4031;0.016665
40;32;PEdge4032;0.14332
40;33;PEdge4033;0.56254
40;34;PEdge4034;0.14347
40;35;PEdge4035;0.34672
40;36;PEdge4036;0.35009
40;37;PEdge4037;0.30521
40;38;PEdge4038;0.1993
40;39;PEdge4039;0.13554
41;1;PEdge411;0.063875
41;2;PEdge412;0.48651
41;3;PEdge413;0.37096
41;4;PEdge414;0.37098
41;5;PEdge415;0.35615
41;6;PEdge416;0.3925
41;7;PEdge417;0.33553
41;8;PEdge418;0.45458
41;9;PEdge419;0.32997
41;10;PEdge4110;0.33295
41;11;PEdge4111;0.37606
41;12;PEdge4112;0.3541
41;13;PEdge4113;0.37095
41;14;PEdge4114;0.41278
41;15;PEdge4115;0.33672
41;16;PEdge4116;0.371
41;17;PEdge4117;0.37079
41;18;PEdge4118;0.37096
41;19;PEdge4119;0.37108
41;20;PEdge4120;0.37092
41;21;PEdge4121;0.371
41;22;PEdge4122;0.37081
41;23;PEdge4123;0.0036167
41;24;PEdge4124;0.37851
41;25;PEdge4125;0.2595
41;26;PEdge4126;0.33579
41;27;PEdge4127;0.21261
41;28;PEdge4128;0.37093
41;29;PEdge4129;0.23758
41;30;PEdge4130;0.37098
41;31;PEdge4131;0.060302
41;32;PEdge4132;0.37098
41;33;PEdge4133;0.31007
41;34;PEdge4134;0.37102
41;35;PEdge4135;0.44278
41;36;PEdge4136;0.46003
41;37;PEdge4137;0.47656
41;38;PEdge4138;0.072748
41;39;PEdge4139;0.22678
41;40;PEdge4140;0.26343
42;1;PEdge421;0.13955
42;2;PEdge422;0.67299
42;3;PEdge423;0.73474
42;4;PEdge424;0.73465
42;5;PEdge425;0.28729
42;6;PEdge426;0.58286
42;7;PEdge427;0.79683
42;8;PEdge428;0.58011
42;9;PEdge429;0.24636
42;10;PEdge4210;0.441
42;11;PEdge4211;0.24528
42;12;PEdge4212;0.79173
42;13;PEdge4213;0.73471
42;14;PEdge4214;0.7343
42;15;PEdge4215;0.79759
42;16;PEdge4216;0.73469
42;17;PEdge4217;0.73439
42;18;PEdge4218;0.73476
42;19;PEdge4219;0.73475
42;20;PEdge4220;0.73473
42;21;PEdge4221;0.73492
42;22;PEdge4222;0.73462
42;23;PEdge4223;0.11915
42;24;PEdge4224;0.69195
42;25;PEdge4225;0.58884
42;26;PEdge4226;0.3442
42;27;PEdge4227;0.22211
42;28;PEdge4228;0.73475
42;29;PEdge4229;0.40885
42;30;PEdge4230;0.73468
42;31;PEdge4231;0.33179
42;32;PEdge4232;0.73465
42;33;PEdge4233;0.52988
42;34;PEdge4234;0.73474
42;35;PEdge4235;0.38677
42;36;PEdge4236;0.62513
42;37;PEdge4237;0.59995
42;38;PEdge4238;0.19552
42;39;PEdge4239;0.16913
42;40;PEdge4240;0.44253
42;41;PEdge4241;0.3984
43;1;PEdge431;0.037137
43;2;PEdge432;0.63439
43;3;PEdge433;0.99262
43;4;PEdge434;0.99262
43;5;PEdge435;0.25344
43;6;PEdge436;0.5885
43;7;PEdge437;0.78762
43;8;PEdge438;0.49287
43;9;PEdge439;0.20984
43;10;PEdge4310;0.43472
43;11;PEdge4311;0.20901
43;12;PEdge4312;0.77523
43;13;PEdge4313;0.99261
43;14;PEdge4314;0.70199
43;15;PEdge4315;0.78807
43;16;PEdge4316;0.99259
43;17;PEdge4317;0.99258
43;18;PEdge4318;0.99262
43;19;PEdge4319;0.9926
43;20;PEdge4320;0.99261
43;21;PEdge4321;0.99261
43;22;PEdge4322;0.99259
43;23;PEdge4323;0.1878
43;24;PEdge4324;0.68524
43;25;PEdge4325;0.55454
43;26;PEdge4326;0.29343
43;27;PEdge4327;0.22987
43;28;PEdge4328;0.99261
43;29;PEdge4329;0.17737
43;30;PEdge4330;0.99261
43;31;PEdge4331;0.51584
43;32;PEdge4332;0.99262
43;33;PEdge4333;0.27345
43;34;PEdge4334;0.99262
43;35;PEdge4335;0.28545
43;36;PEdge4336;0.63825
43;37;PEdge4337;0.64634
43;38;PEdge4338;0.10441
43;39;PEdge4339;0.1441
43;40;PEdge4340;0.14358
43;41;PEdge4341;0.37098
43;42;PEdge4342;0.73481
44;1;PEdge441;0.15834
44;2;PEdge442;0.62549
44;3;PEdge443;0.78195
44;4;PEdge444;0.78181
44;5;PEdge445;0.16889
44;6;PEdge446;0.55993
44;7;PEdge447;0.89934
44;8;PEdge448;0.5171
44;9;PEdge449;0.12871
44;10;PEdge4410;0.40002
44;11;PEdge4411;0.096596
44;12;PEdge4412;0.88001
44;13;PEdge4413;0.78191
44;14;PEdge4414;0.76059
44;15;PEdge4415;0.89963
44;16;PEdge4416;0.78185
44;17;PEdge4417;0.78156
44;18;PEdge4418;0.78197
44;19;PEdge4419;0.78188
44;20;PEdge4420;0.78196
44;21;PEdge4421;0.78218
44;22;PEdge4422;0.78188
44;23;PEdge4423;0.16368
44;24;PEdge4424;0.72309
44;25;PEdge4425;0.65758
44;26;PEdge4426;0.26293
44;27;PEdge4427;0.17139
44;28;PEdge4428;0.78198
44;29;PEdge4429;0.42351
44;30;PEdge4430;0.78185
44;31;PEdge4431;0.42264
44;32;PEdge4432;0.78181
44;33;PEdge4433;0.5464
44;34;PEdge4434;0.78191
44;35;PEdge4435;0.25309
44;36;PEdge4436;0.57444
44;37;PEdge4437;0.52721
44;38;PEdge4438;0.22918
44;39;PEdge4439;0.0882
44;40;PEdge4440;0.45539
44;41;PEdge4441;0.34578
44;42;PEdge4442;0.7993
44;43;PEdge4443;0.78203
45;1;PEdge451;0.070046
45;2;PEdge452;0.48911
45;3;PEdge453;0.12189
45;4;PEdge454;0.12198
45;5;PEdge455;0.52082
45;6;PEdge456;0.35339
45;7;PEdge457;0.07141
45;8;PEdge458;0.50897
45;9;PEdge459;0.49947
45;10;PEdge4510;0.34469
45;11;PEdge4511;0.59566
45;12;PEdge4512;0.11582
45;13;PEdge4513;0.1219
45;14;PEdge4514;0.28664
45;15;PEdge4515;0.073357
45;16;PEdge4516;0.122
45;17;PEdge4517;0.12173
45;18;PEdge4518;0.12188
45;19;PEdge4519;0.12215
45;20;PEdge4520;0.12182
45;21;PEdge4521;0.12189
45;22;PEdge4522;0.12165
45;23;PEdge4523;0.10448
45;24;PEdge4524;0.24209
45;25;PEdge4525;0.084072
45;26;PEdge4526;0.43851
45;27;PEdge4527;0.26368
45;28;PEdge4528;0.12184
45;29;PEdge4529;0.23289
45;30;PEdge4530;0.12197
45;31;PEdge4531;0.18505
45;32;PEdge4532;0.12198
45;33;PEdge4533;0.29462
45;34;PEdge4534;0.12202
45;35;PEdge4535;0.64013
45;36;PEdge4536;0.458
45;37;PEdge4537;0.50307
45;38;PEdge4538;0.021516
45;39;PEdge4539;0.34339
45;40;PEdge4540;0.27807
45;41;PEdge4541;0.36755
45;42;PEdge4542;0.23725
45;43;PEdge4543;0.12191
45;44;PEdge4544;0.092857
46;1;PEdge461;0.060882
46;2;PEdge462;0.021565
46;3;PEdge463;0.07775
46;4;PEdge464;0.077799
46;5;PEdge465;0.04427
46;6;PEdge466;0.023543
46;7;PEdge467;0.028539
46;8;PEdge468;0.010592
46;9;PEdge469;0.042251
46;10;PEdge4610;0.024237
46;11;PEdge4611;0.055141
46;12;PEdge4612;0.02507
46;13;PEdge4613;0.077763
46;14;PEdge4614;0.0056609
46;15;PEdge4615;0.028424
46;16;PEdge4616;0.077776
46;17;PEdge4617;0.077858
46;18;PEdge4618;0.077744
46;19;PEdge4619;0.077777
46;20;PEdge4620;0.077744
46;21;PEdge4621;0.077674
46;22;PEdge4622;0.07776
46;23;PEdge4623;0.0058703
46;24;PEdge4624;0.00043726
46;25;PEdge4625;0.026913
46;26;PEdge4626;0.024745
46;27;PEdge4627;0.028111
46;28;PEdge4628;0.077737
46;29;PEdge4629;0.070886
46;30;PEdge4630;0.077784
46;31;PEdge4631;0.027805
46;32;PEdge4632;0.077799
46;33;PEdge4633;0.07702
46;34;PEdge4634;0.077767
46;35;PEdge4635;0.031282
46;36;PEdge4636;0.038284
46;37;PEdge4637;0.057426
46;38;PEdge4638;0.038707
46;39;PEdge4639;0.029088
46;40;PEdge4640;0.090836
46;41;PEdge4641;0.02145
46;42;PEdge4642;0.008803
46;43;PEdge4643;0.077718
46;44;PEdge4644;0.028722
46;45;PEdge4645;0.028115
47;1;PEdge471;0.096509
47;2;PEdge472;0.75291
47;3;PEdge473;0.67032
47;4;PEdge474;0.67032
47;5;PEdge475;0.48889
47;6;PEdge476;0.62321
47;7;PEdge477;0.62099
47;8;PEdge478;0.68357
47;9;PEdge479;0.44646
47;10;PEdge4710;0.51145
47;11;PEdge4711;0.49871
47;12;PEdge4712;0.63988
47;13;PEdge4713;0.6703
47;14;PEdge4714;0.68791
47;15;PEdge4715;0.62254
47;16;PEdge4716;0.67035
47;17;PEdge4717;0.67005
47;18;PEdge4718;0.67032
47;19;PEdge4719;0.67046
47;20;PEdge4720;0.67027
47;21;PEdge4721;0.6704
47;22;PEdge4722;0.67012
47;23;PEdge4723;0.047006
47;24;PEdge4724;0.63875
47;25;PEdge4725;0.46924
47;26;PEdge4726;0.48102
47;27;PEdge4727;0.30994
47;28;PEdge4728;0.67029
47;29;PEdge4729;0.36981
47;30;PEdge4730;0.67032
47;31;PEdge4731;0.18744
47;32;PEdge4732;0.67032
47;33;PEdge4733;0.48625
47;34;PEdge4734;0.67039
47;35;PEdge4735;0.61058
47;36;PEdge4736;0.71367
47;37;PEdge4737;0.72839
47;38;PEdge4738;0.13228
47;39;PEdge4739;0.30679
47;40;PEdge4740;0.40244
47;41;PEdge4741;0.48752
47;42;PEdge4742;0.67902
47;43;PEdge4743;0.67035
47;44;PEdge4744;0.63259
47;45;PEdge4745;0.47843
47;46;PEdge4746;0.030746
48;1;PEdge481;0.037191
48;2;PEdge482;0.63435
48;3;PEdge483;0.99262
48;4;PEdge484;0.99262
48;5;PEdge485;0.25344
48;6;PEdge486;0.58848
48;7;PEdge487;0.78754
48;8;PEdge488;0.49283
48;9;PEdge489;0.20985
48;10;PEdge4810;0.4347
48;11;PEdge4811;0.20902
48;12;PEdge4812;0.77516
48;13;PEdge4813;0.99261
48;14;PEdge4814;0.70193
48;15;PEdge4815;0.78799
48;16;PEdge4816;0.99259
48;17;PEdge4817;0.99258
48;18;PEdge4818;0.99262
48;19;PEdge4819;0.9926
48;20;PEdge4820;0.99261
48;21;PEdge4821;0.99261
48;22;PEdge4822;0.99259
48;23;PEdge4823;0.18779
48;24;PEdge4824;0.68519
48;25;PEdge4825;0.55447
48;26;PEdge4826;0.29342
48;27;PEdge4827;0.22987
48;28;PEdge4828;0.99261
48;29;PEdge4829;0.17729
48;30;PEdge4830;0.99261
48;31;PEdge4831;0.51584
48;32;PEdge4832;0.99262
48;33;PEdge4833;0.27335
48;34;PEdge4834;0.99262
48;35;PEdge4835;0.28544
48;36;PEdge4836;0.63822
48;37;PEdge4837;0.64633
48;38;PEdge4838;0.10437
48;39;PEdge4839;0.14411
48;40;PEdge4840;0.14348
48;41;PEdge4841;0.37096
48;42;PEdge4842;0.73474
48;43;PEdge4843;0.9926
48;44;PEdge4844;0.78195
48;45;PEdge4845;0.1219
48;46;PEdge4846;0.077744
48;47;PEdge4847;0.67032
49;1;PEdge491;0.037222
49;2;PEdge492;0.63437
49;3;PEdge493;0.99259
49;4;PEdge494;0.99259
49;5;PEdge495;0.25352
49;6;PEdge496;0.58848
49;7;PEdge497;0.78745
49;8;PEdge498;0.49285
49;9;PEdge499;0.20992
49;10;PEdge4910;0.43472
49;11;PEdge4911;0.20912
49;12;PEdge4912;0.77508
49;13;PEdge4913;0.99259
49;14;PEdge4914;0.7019
49;15;PEdge4915;0.78791
49;16;PEdge4916;0.99257
49;17;PEdge4917;0.99256
49;18;PEdge4918;0.99259
49;19;PEdge4919;0.99258
49;20;PEdge4920;0.99259
49;21;PEdge4921;0.99258
49;22;PEdge4922;0.99257
49;23;PEdge4923;0.18777
49;24;PEdge4924;0.68515
49;25;PEdge4925;0.55441
49;26;PEdge4926;0.29346
49;27;PEdge4927;0.2299
49;28;PEdge4928;0.99258
49;29;PEdge4929;0.17725
49;30;PEdge4930;0.99259
49;31;PEdge4931;0.51579
49;32;PEdge4932;0.99259
49;33;PEdge4933;0.27331
49;34;PEdge4934;0.99259
49;35;PEdge4935;0.28552
49;36;PEdge4936;0.63825
49;37;PEdge4937;0.64638
49;38;PEdge4938;0.10433
49;39;PEdge4939;0.14416
49;40;PEdge4940;0.14344
49;41;PEdge4941;0.37099
49;42;PEdge4942;0.7347
49;43;PEdge4943;0.99257
49;44;PEdge4944;0.78187
49;45;PEdge4945;0.12199
49;46;PEdge4946;0.077765
49;47;PEdge4947;0.67034
49;48;PEdge4948;0.99257
50;1;PEdge501;0.062221
50;2;PEdge502;0.59146
50;3;PEdge503;0.32584
50;4;PEdge504;0.32592
50;5;PEdge505;0.5342
50;6;PEdge506;0.45548
50;7;PEdge507;0.24345
50;8;PEdge508;0.57946
50;9;PEdge509;0.50496
50;10;PEdge5010;0.41324
50;11;PEdge5011;0.59262
50;12;PEdge5012;0.28149
50;13;PEdge5013;0.32584
50;14;PEdge5014;0.42157
50;15;PEdge5015;0.24535
50;16;PEdge5016;0.32593
50;17;PEdge5017;0.32567
50;18;PEdge5018;0.32583
50;19;PEdge5019;0.32607
50;20;PEdge5020;0.32577
50;21;PEdge5021;0.32584
50;22;PEdge5022;0.32561
50;23;PEdge5023;0.05559
50;24;PEdge5024;0.37613
50;25;PEdge5025;0.20332
50;26;PEdge5026;0.46869
50;27;PEdge5027;0.29246
50;28;PEdge5028;0.32578
50;29;PEdge5029;0.26146
50;30;PEdge5030;0.3259
50;31;PEdge5031;0.059418
50;32;PEdge5032;0.32592
50;33;PEdge5033;0.34048
50;34;PEdge5034;0.32595
50;35;PEdge5035;0.65294
50;36;PEdge5036;0.56197
50;37;PEdge5037;0.60372
50;38;PEdge5038;0.046652
50;39;PEdge5039;0.34713
50;40;PEdge5040;0.29763
50;41;PEdge5041;0.42052
50;42;PEdge5042;0.38342
50;43;PEdge5043;0.32585
50;44;PEdge5044;0.26208
50;45;PEdge5045;0.58495
50;46;PEdge5046;0.039984
50;47;PEdge5047;0.58871
50;48;PEdge5048;0.32584
50;49;PEdge5049;0.32591
51;1;PEdge511;0.13587
51;2;PEdge512;0.66104
51;3;PEdge513;0.38871
51;4;PEdge514;0.38872
51;5;PEdge515;0.50785
51;6;PEdge516;0.51729
51;7;PEdge517;0.41445
51;8;PEdge518;0.63918
51;9;PEdge519;0.4743
51;10;PEdge5110;0.44809
51;11;PEdge5111;0.54267
51;12;PEdge5112;0.44486
51;13;PEdge5113;0.38869
51;14;PEdge5114;0.5431
51;15;PEdge5115;0.41623
51;16;PEdge5116;0.38876
51;17;PEdge5117;0.3884
51;18;PEdge5118;0.38871
51;19;PEdge5119;0.3889
51;20;PEdge5120;0.38866
51;21;PEdge5121;0.38881
51;22;PEdge5122;0.38847
51;23;PEdge5123;0.029336
51;24;PEdge5124;0.48871
51;25;PEdge5125;0.33215
51;26;PEdge5126;0.4769
51;27;PEdge5127;0.28881
51;28;PEdge5128;0.38868
51;29;PEdge5129;0.3818
51;30;PEdge5130;0.38873
51;31;PEdge5131;0.0049479
51;32;PEdge5132;0.38872
51;33;PEdge5133;0.48417
51;34;PEdge5134;0.3888
51;35;PEdge5135;0.64703
51;36;PEdge5136;0.61048
51;37;PEdge5137;0.62712
51;38;PEdge5138;0.11576
51;39;PEdge5139;0.32597
51;40;PEdge5140;0.43797
51;41;PEdge5141;0.44776
51;42;PEdge5142;0.51573
51;43;PEdge5143;0.38876
51;44;PEdge5144;0.43195
51;45;PEdge5145;0.55608
51;46;PEdge5146;0.0052262
51;47;PEdge5147;0.65236
51;48;PEdge5148;0.38872
51;49;PEdge5149;0.38876
51;50;PEdge5150;0.60047
52;1;PEdge521;0.037071
52;2;PEdge522;0.63462
52;3;PEdge523;0.99259
52;4;PEdge524;0.99259
52;5;PEdge525;0.25369
52;6;PEdge526;0.58865
52;7;PEdge527;0.78762
52;8;PEdge528;0.49312
52;9;PEdge529;0.21009
52;10;PEdge5210;0.43487
52;11;PEdge5211;0.2093
52;12;PEdge5212;0.77526
52;13;PEdge5213;0.99259
52;14;PEdge5214;0.70211
52;15;PEdge5215;0.78807
52;16;PEdge5216;0.99256
52;17;PEdge5217;0.99255
52;18;PEdge5218;0.99259
52;19;PEdge5219;0.99258
52;20;PEdge5220;0.99258
52;21;PEdge5221;0.99258
52;22;PEdge5222;0.99256
52;23;PEdge5223;0.18772
52;24;PEdge5224;0.68533
52;25;PEdge5225;0.55456
52;26;PEdge5226;0.29364
52;27;PEdge5227;0.22999
52;28;PEdge5228;0.99258
52;29;PEdge5229;0.17752
52;30;PEdge5230;0.99258
52;31;PEdge5231;0.5157
52;32;PEdge5232;0.99259
52;33;PEdge5233;0.27363
52;34;PEdge5234;0.99259
52;35;PEdge5235;0.28578
52;36;PEdge5236;0.63844
52;37;PEdge5237;0.64656
52;38;PEdge5238;0.10443
52;39;PEdge5239;0.14427
52;40;PEdge5240;0.14376
52;41;PEdge5241;0.37115
52;42;PEdge5242;0.7349
52;43;PEdge5243;0.99257
52;44;PEdge5244;0.78204
52;45;PEdge5245;0.12222
52;46;PEdge5246;0.077715
52;47;PEdge5247;0.67056
52;48;PEdge5248;0.99257
52;49;PEdge5249;0.99255
52;50;PEdge5250;0.32614
52;51;PEdge5251;0.38904
53;1;PEdge531;0.0054301
53;2;PEdge532;0.67034
53;3;PEdge533;0.95875
53;4;PEdge534;0.95874
53;5;PEdge535;0.29148
53;6;PEdge536;0.60905
53;7;PEdge537;0.79197
53;8;PEdge538;0.53786
53;9;PEdge539;0.24702
53;10;PEdge5310;0.45686
53;11;PEdge5311;0.25231
53;12;PEdge5312;0.78357
53;13;PEdge5313;0.95874
53;14;PEdge5314;0.72386
53;15;PEdge5315;0.79259
53;16;PEdge5316;0.95872
53;17;PEdge5317;0.95865
53;18;PEdge5318;0.95875
53;19;PEdge5319;0.95875
53;20;PEdge5320;0.95873
53;21;PEdge5321;0.95876
53;22;PEdge5322;0.95869
53;23;PEdge5323;0.17017
53;24;PEdge5324;0.70035
53;25;PEdge5325;0.56404
53;26;PEdge5326;0.32871
53;27;PEdge5327;0.24509
53;28;PEdge5328;0.95873
53;29;PEdge5329;0.22748
53;30;PEdge5330;0.95873
53;31;PEdge5331;0.47464
53;32;PEdge5332;0.95874
53;33;PEdge5333;0.33115
53;34;PEdge5334;0.95875
53;35;PEdge5335;0.34144
53;36;PEdge5336;0.66425
53;37;PEdge5337;0.6701
53;38;PEdge5338;0.11956
53;39;PEdge5339;0.16965
53;40;PEdge5340;0.20702
53;41;PEdge5341;0.39797
53;42;PEdge5342;0.75161
53;43;PEdge5343;0.95874
53;44;PEdge5344;0.789
53;45;PEdge5345;0.17817
53;46;PEdge5346;0.066067
53;47;PEdge5347;0.70094
53;48;PEdge5348;0.95873
53;49;PEdge5349;0.95871
53;50;PEdge5350;0.37149
53;51;PEdge5351;0.44308
53;52;PEdge5352;0.95875
54;1;PEdge541;0.0084841
54;2;PEdge542;0.70171
54;3;PEdge543;0.80886
54;4;PEdge544;0.80889
54;5;PEdge545;0.42082
54;6;PEdge546;0.6062
54;7;PEdge547;0.63953
54;8;PEdge548;0.60286
54;9;PEdge549;0.37808
54;10;PEdge5410;0.48413
54;11;PEdge5411;0.41874
54;12;PEdge5412;0.64932
54;13;PEdge5413;0.80886
54;14;PEdge5414;0.66674
54;15;PEdge5415;0.64073
54;16;PEdge5416;0.80889
54;17;PEdge5417;0.80875
54;18;PEdge5418;0.80886
54;19;PEdge5419;0.80896
54;20;PEdge5420;0.80882
54;21;PEdge5421;0.80886
54;22;PEdge5422;0.80874
54;23;PEdge5423;0.097461
54;24;PEdge5424;0.63363
54;25;PEdge5425;0.4659
54;26;PEdge5426;0.41705
54;27;PEdge5427;0.29051
54;28;PEdge5428;0.80883
54;29;PEdge5429;0.24634
54;30;PEdge5430;0.80888
54;31;PEdge5431;0.31167
54;32;PEdge5432;0.80889
54;33;PEdge5433;0.34808
54;34;PEdge5434;0.80891
54;35;PEdge5435;0.4995
54;36;PEdge5436;0.68925
54;37;PEdge5437;0.71352
54;38;PEdge5438;0.09356
54;39;PEdge5439;0.25981
54;40;PEdge5440;0.24235
54;41;PEdge5441;0.44555
54;42;PEdge5442;0.6704
54;43;PEdge5443;0.80885
54;44;PEdge5444;0.64475
54;45;PEdge5445;0.35887
54;46;PEdge5446;0.068643
54;47;PEdge5447;0.7237
54;48;PEdge5448;0.80885
54;49;PEdge5449;0.80887
54;50;PEdge5450;0.50526
54;51;PEdge5451;0.54425
54;52;PEdge5452;0.80897
54;53;PEdge5453;0.80889
55;1;PEdge551;0.061478
55;2;PEdge552;0.47331
55;3;PEdge553;0.86165
55;4;PEdge554;0.86165
55;5;PEdge555;0.14449
55;6;PEdge556;0.457
55;7;PEdge557;0.66202
55;8;PEdge558;0.34421
55;9;PEdge559;0.10975
55;10;PEdge5510;0.32545
55;11;PEdge5511;0.096517
55;12;PEdge5512;0.64481
55;13;PEdge5513;0.86165
55;14;PEdge5514;0.55816
55;15;PEdge5515;0.66212
55;16;PEdge5516;0.86162
55;17;PEdge5517;0.86168
55;18;PEdge5518;0.86166
55;19;PEdge5519;0.86161
55;20;PEdge5520;0.86166
55;21;PEdge5521;0.86163
55;22;PEdge5522;0.86168
55;23;PEdge5523;0.18197
55;24;PEdge5524;0.55266
55;25;PEdge5525;0.45845
55;26;PEdge5526;0.18739
55;27;PEdge5527;0.16276
55;28;PEdge5528;0.86165
55;29;PEdge5529;0.094016
55;30;PEdge5530;0.86165
55;31;PEdge5531;0.48603
55;32;PEdge5532;0.86165
55;33;PEdge5533;0.16508
55;34;PEdge5534;0.86164
55;35;PEdge5535;0.14838
55;36;PEdge5536;0.48669
55;37;PEdge5537;0.49161
55;38;PEdge5538;0.075687
55;39;PEdge5539;0.075318
55;40;PEdge5540;0.051396
55;41;PEdge5541;0.26558
55;42;PEdge5542;0.594
55;43;PEdge5543;0.86162
55;44;PEdge5544;0.65352
55;45;PEdge5545;0.011629
55;46;PEdge5546;0.07279
55;47;PEdge5547;0.50889
55;48;PEdge5548;0.86163
55;49;PEdge5549;0.8616
55;50;PEdge5550;0.19518
55;51;PEdge5551;0.24455
55;52;PEdge5552;0.86155
55;53;PEdge5553;0.81946
55;54;PEdge5554;0.65992
56;1;PEdge561;0.058132
56;2;PEdge562;0.42139
56;3;PEdge563;0.30726
56;4;PEdge564;0.30728
56;5;PEdge565;0.31487
56;6;PEdge566;0.33781
56;7;PEdge567;0.28005
56;8;PEdge568;0.39651
56;9;PEdge569;0.29246
56;10;PEdge5610;0.28846
56;11;PEdge5611;0.33425
56;12;PEdge5612;0.29722
56;13;PEdge5613;0.30725
56;14;PEdge5614;0.35255
56;15;PEdge5615;0.28111
56;16;PEdge5616;0.30729
56;17;PEdge5617;0.30711
56;18;PEdge5618;0.30725
56;19;PEdge5619;0.30737
56;20;PEdge5620;0.30722
56;21;PEdge5621;0.30729
56;22;PEdge5622;0.30712
56;23;PEdge5623;0.0020939
56;24;PEdge5624;0.32213
56;25;PEdge5625;0.21812
56;26;PEdge5626;0.29511
56;27;PEdge5627;0.18572
56;28;PEdge5628;0.30723
56;29;PEdge5629;0.20874
56;30;PEdge5630;0.30727
56;31;PEdge5631;0.03987
56;32;PEdge5632;0.30728
56;33;PEdge5633;0.27139
56;34;PEdge5634;0.30731
56;35;PEdge5635;0.39206
56;36;PEdge5636;0.39753
56;37;PEdge5637;0.41243
56;38;PEdge5638;0.062294
56;39;PEdge5639;0.201
56;40;PEdge5640;0.23287
56;41;PEdge5641;0.28318
56;42;PEdge5642;0.33858
56;43;PEdge5643;0.30727
56;44;PEdge5644;0.28947
56;45;PEdge5645;0.32879
56;46;PEdge5646;0.017505
56;47;PEdge5647;0.42136
56;48;PEdge5648;0.30726
56;49;PEdge5649;0.30728
56;50;PEdge5650;0.37088
56;51;PEdge5651;0.39331
56;52;PEdge5652;0.30743
56;53;PEdge5653;0.33251
56;54;PEdge5654;0.37985
56;55;PEdge5655;0.21579
57;1;PEdge571;0.25306
57;2;PEdge572;0.50766
57;3;PEdge573;0.27832
57;4;PEdge574;0.27818
57;5;PEdge575;0.24072
57;6;PEdge576;0.40327
57;7;PEdge577;0.55475
57;8;PEdge578;0.4876
57;9;PEdge579;0.21451
57;10;PEdge5710;0.31657
57;11;PEdge5711;0.21623
57;12;PEdge5712;0.55892
57;13;PEdge5713;0.27826
57;14;PEdge5714;0.53837
57;15;PEdge5715;0.55559
57;16;PEdge5716;0.27826
57;17;PEdge5717;0.2778
57;18;PEdge5718;0.27834
57;19;PEdge5719;0.27834
57;20;PEdge5720;0.2783
57;21;PEdge5721;0.2786
57;22;PEdge5722;0.27814
57;23;PEdge5723;0.018017
57;24;PEdge5724;0.48561
57;25;PEdge5725;0.43505
57;26;PEdge5726;0.29224
57;27;PEdge5727;0.15232
57;28;PEdge5728;0.27833
57;29;PEdge5729;0.48997
57;30;PEdge5730;0.27822
57;31;PEdge5731;0.059399
57;32;PEdge5732;0.27818
57;33;PEdge5733;0.59641
57;34;PEdge5734;0.27832
57;35;PEdge5735;0.37152
57;36;PEdge5736;0.42849
57;37;PEdge5737;0.38321
57;38;PEdge5738;0.21455
57;39;PEdge5739;0.14724
57;40;PEdge5740;0.5737
57;41;PEdge5741;0.30672
57;42;PEdge5742;0.5408
57;43;PEdge5743;0.27843
57;44;PEdge5744;0.56413
57;45;PEdge5745;0.28072
57;46;PEdge5746;0.081489
57;47;PEdge5747;0.4851
57;48;PEdge5748;0.27833
57;49;PEdge5749;0.27828
57;50;PEdge5750;0.32913
57;51;PEdge5751;0.47992
57;52;PEdge5752;0.27861
57;53;PEdge5753;0.33614
57;54;PEdge5754;0.3462
57;55;PEdge5755;0.17045
57;56;PEdge5756;0.26818
58;1;PEdge581;0.035534
58;2;PEdge582;0.29581
58;3;PEdge583;0.16366
58;4;PEdge584;0.16369
58;5;PEdge585;0.26187
58;6;PEdge586;0.22819
58;7;PEdge587;0.1302
58;8;PEdge588;0.28945
58;9;PEdge589;0.24721
58;10;PEdge5810;0.2058
58;11;PEdge5811;0.28927
58;12;PEdge5812;0.14852
58;13;PEdge5813;0.16366
58;14;PEdge5814;0.21513
58;15;PEdge5815;0.13113
58;16;PEdge5816;0.1637
58;17;PEdge5817;0.16357
58;18;PEdge5818;0.16365
58;19;PEdge5819;0.16377
58;20;PEdge5820;0.16363
58;21;PEdge5821;0.16366
58;22;PEdge5822;0.16354
58;23;PEdge5823;0.026032
58;24;PEdge5824;0.19213
58;25;PEdge5825;0.10798
58;26;PEdge5826;0.23168
58;27;PEdge5827;0.14393
58;28;PEdge5828;0.16363
58;29;PEdge5829;0.13668
58;30;PEdge5830;0.16369
58;31;PEdge5831;0.026559
58;32;PEdge5832;0.16369
58;33;PEdge5833;0.17709
58;34;PEdge5834;0.16371
58;35;PEdge5835;0.32181
58;36;PEdge5836;0.27988
58;37;PEdge5837;0.29888
58;38;PEdge5838;0.027354
58;39;PEdge5839;0.16993
58;40;PEdge5840;0.15588
58;41;PEdge5841;0.209
58;42;PEdge5842;0.19693
58;43;PEdge5843;0.16366
58;44;PEdge5844;0.13934
58;45;PEdge5845;0.28696
58;46;PEdge5846;0.017408
58;47;PEdge5847;0.29402
58;48;PEdge5848;0.16366
58;49;PEdge5849;0.16369
58;50;PEdge5850;0.30031
58;51;PEdge5851;0.29922
58;52;PEdge5852;0.16381
58;53;PEdge5853;0.18682
58;54;PEdge5854;0.25101
58;55;PEdge5855;0.098416
58;56;PEdge5856;0.18425
58;57;PEdge5857;0.17193
