x,y,value
XDR,XDR,1
XDR,ESP,0.950325917703294
XDR,DEM,0.950303266386191
XDR,FIM,0.950347691307724
XDR,MTL,0.950326449807523
XDR,PTE,0.950369883079958
XDR,NLG,0.950339661125281
XDR,ATS,0.950097165049698
XDR,EUR,0.950347483285164
XDR,SIT,0.950234355340382
XDR,SKK,0.950272662628246
XDR,CYP,0.950290950758214
XDR,BEF,0.950232268566918
XDR,LUF,0.950232268566918
XDR,FRF,0.950324565203442
XDR,IEP,0.950274498999633
XDR,ITL,0.950253831694869
XDR,GRD,0.950133792976422
XDR,EEK,0.950144982220385
XDR,SEK,0.793368496555789
XDR,SGD,0.746070761327081
XDR,HRK,0.750993056339702
XDR,PLN,0.73011379551054
XDR,RON,0.761295964669875
XDR,DKK,0.763676143058153
XDR,BGN,0.762765907685538
XDR,CZK,0.711159461813227
XDR,AUD,0.692079328499756
XDR,NOK,0.658570996005781
XDR,NZD,0.687932351171889
XDR,HUF,0.677159476533631
XDR,CHF,0.843924062852577
XDR,GBP,0.733064682303488
XDR,CAD,0.536480475749596
XDR,KRW,0.448844458091373
XDR,ISK,0.530562286697923
XDR,CNY,0.551475099319
XDR,ZAR,0.361773884519038
XDR,MXN,0.333450347163368
XDR,XPT,0.403708634764715
XDR,THB,0.34454538501214
XDR,MYR,0.351940008348949
XDR,INR,0.34090619810193
XDR,BRL,0.265856846251061
XDR,TWD,0.334156321898328
XDR,COP,0.220839020976296
XDR,JPY,0.616184789386309
XDR,CLP,0.231730580991233
XDR,PHP,0.207770476074052
XDR,ILS,0.234781967091815
XDR,RUB,0.143763675952056
XDR,IDR,0.253689062541875
XDR,TRY,0.176991809782023
XDR,PEN,0.179154852526049
XDR,HKD,0.206353180894448
XDR,SAR,0.0603657103741143
XDR,ARS,-0.0193487729609575
XDR,PKR,-0.132591052662638
ESP,XDR,0.950325917703294
ESP,ESP,1
ESP,DEM,0.999957717419692
ESP,FIM,0.999977726021315
ESP,MTL,0.99997329330166
ESP,PTE,0.99996793395813
ESP,NLG,0.999964921989703
ESP,ATS,0.999948988875758
ESP,EUR,0.999978972775553
ESP,SIT,0.999967344825675
ESP,SKK,0.999972334341957
ESP,CYP,0.999976993669726
ESP,BEF,0.999973658457064
ESP,LUF,0.999973658457064
ESP,FRF,0.999977220790105
ESP,IEP,0.999977373364392
ESP,ITL,0.999957207366973
ESP,GRD,0.999972549914066
ESP,EEK,0.99995056610201
ESP,SEK,0.804947769649241
ESP,SGD,0.660897456572206
ESP,HRK,0.767398481439409
ESP,PLN,0.722129060058315
ESP,RON,0.774354601128926
ESP,DKK,0.780717413427237
ESP,BGN,0.780200739613523
ESP,CZK,0.691329527574068
ESP,AUD,0.622049409474627
ESP,NOK,0.639817136648025
ESP,NZD,0.624695650615117
ESP,HUF,0.672364898606848
ESP,CHF,0.852058435626898
ESP,GBP,0.564948558894177
ESP,CAD,0.487283461641517
ESP,KRW,0.39083780484753
ESP,ISK,0.549834294739947
ESP,CNY,0.425053128112542
ESP,ZAR,0.324031231338974
ESP,MXN,0.284158606430964
ESP,XPT,0.356342045293757
ESP,THB,0.291562153716903
ESP,MYR,0.288268352882234
ESP,INR,0.297152102567526
ESP,BRL,0.259641609408342
ESP,TWD,0.305630901468708
ESP,COP,0.21222401015299
ESP,JPY,0.481586640282543
ESP,CLP,0.212638880276125
ESP,PHP,0.169854024814919
ESP,ILS,0.196487653858074
ESP,RUB,0.124602669005909
ESP,IDR,0.22803800154986
ESP,TRY,0.167638059007069
ESP,PEN,0.146119074028443
ESP,HKD,0.169007508454129
ESP,SAR,0.0663251801438427
ESP,ARS,0.0214266128592866
ESP,PKR,-0.110431129656866
DEM,XDR,0.950303266386191
DEM,ESP,0.999957717419692
DEM,DEM,1
DEM,FIM,0.999980307230521
DEM,MTL,0.99997990875802
DEM,PTE,0.999967862496923
DEM,NLG,0.999970664752022
DEM,ATS,0.999944316072767
DEM,EUR,0.999982764288742
DEM,SIT,0.999971578045883
DEM,SKK,0.999977271571029
DEM,CYP,0.999982232956979
DEM,BEF,0.999978608671049
DEM,LUF,0.999978608671049
DEM,FRF,0.999981460966288
DEM,IEP,0.999981963155039
DEM,ITL,0.999965728469622
DEM,GRD,0.999976189372645
DEM,EEK,0.999963234758208
DEM,SEK,0.804587455447751
DEM,SGD,0.660547002880743
DEM,HRK,0.767772512468382
DEM,PLN,0.722317307780277
DEM,RON,0.774786240555568
DEM,DKK,0.781095464876286
DEM,BGN,0.780606189624342
DEM,CZK,0.691343955214447
DEM,AUD,0.622145714803011
DEM,NOK,0.639655478452237
DEM,NZD,0.625150290176067
DEM,HUF,0.672280628587866
DEM,CHF,0.851873318089678
DEM,GBP,0.56475890708534
DEM,CAD,0.487382942022199
DEM,KRW,0.390466706535294
DEM,ISK,0.549598430978383
DEM,CNY,0.424964192135594
DEM,ZAR,0.324167372671891
DEM,MXN,0.283438863962575
DEM,XPT,0.355942872268952
DEM,THB,0.29148476515968
DEM,MYR,0.288199910325919
DEM,INR,0.296755860692469
DEM,BRL,0.259260223562787
DEM,TWD,0.305910873787254
DEM,COP,0.21203868305806
DEM,JPY,0.481758587260289
DEM,CLP,0.212270113994219
DEM,PHP,0.169867784634303
DEM,ILS,0.196116767667045
DEM,RUB,0.124066071834394
DEM,IDR,0.227826192280091
DEM,TRY,0.167609304703933
DEM,PEN,0.145843891288236
DEM,HKD,0.169350748146468
DEM,SAR,0.0660542270377615
DEM,ARS,0.0217629438068684
DEM,PKR,-0.109569119448
FIM,XDR,0.950347691307724
FIM,ESP,0.999977726021315
FIM,DEM,0.999980307230521
FIM,FIM,1
FIM,MTL,0.999993414627642
FIM,PTE,0.999980701893529
FIM,NLG,0.999985617969371
FIM,ATS,0.999960635388584
FIM,EUR,0.999997152400284
FIM,SIT,0.999987067035584
FIM,SKK,0.999990524730171
FIM,CYP,0.999996254574052
FIM,BEF,0.999993616112443
FIM,LUF,0.999993616112443
FIM,FRF,0.999996347545122
FIM,IEP,0.999996835699855
FIM,ITL,0.999978272283114
FIM,GRD,0.999991538857299
FIM,EEK,0.999971632572647
FIM,SEK,0.80487216666742
FIM,SGD,0.660606833833574
FIM,HRK,0.767299932316655
FIM,PLN,0.722038055653641
FIM,RON,0.774251389915691
FIM,DKK,0.780591001347011
FIM,BGN,0.780085941799341
FIM,CZK,0.691200296992961
FIM,AUD,0.62207217652301
FIM,NOK,0.639541843125925
FIM,NZD,0.624918440664646
FIM,HUF,0.672109533662171
FIM,CHF,0.852096025124175
FIM,GBP,0.564961775788551
FIM,CAD,0.487376654705677
FIM,KRW,0.390555965540167
FIM,ISK,0.549692118631192
FIM,CNY,0.42504538523425
FIM,ZAR,0.324015165859553
FIM,MXN,0.284038604203353
FIM,XPT,0.356469157188307
FIM,THB,0.291165173497932
FIM,MYR,0.288262384074475
FIM,INR,0.296710042583828
FIM,BRL,0.259596010607549
FIM,TWD,0.305922650740234
FIM,COP,0.212377707085364
FIM,JPY,0.481659224024986
FIM,CLP,0.212457660318861
FIM,PHP,0.16947750576978
FIM,ILS,0.19628760073191
FIM,RUB,0.124182634124855
FIM,IDR,0.228065208419145
FIM,TRY,0.167725911679117
FIM,PEN,0.14611046620268
FIM,HKD,0.168945878452094
FIM,SAR,0.0664127799983227
FIM,ARS,0.0217964138257516
FIM,PKR,-0.109888742317958
MTL,XDR,0.950326449807523
MTL,ESP,0.99997329330166
MTL,DEM,0.99997990875802
MTL,FIM,0.999993414627642
MTL,MTL,1
MTL,PTE,0.999977592089703
MTL,NLG,0.999984717834805
MTL,ATS,0.999959662603545
MTL,EUR,0.999994897720525
MTL,SIT,0.999983987139527
MTL,SKK,0.999987728749815
MTL,CYP,0.999994369790654
MTL,BEF,0.999992768359948
MTL,LUF,0.999992768359948
MTL,FRF,0.999994179373091
MTL,IEP,0.999994179886384
MTL,ITL,0.999976475103842
MTL,GRD,0.99998818891474
MTL,EEK,0.999971626606346
MTL,SEK,0.804824638928148
MTL,SGD,0.660456984699046
MTL,HRK,0.767425482793973
MTL,PLN,0.722069877162741
MTL,RON,0.774390277667259
MTL,DKK,0.780746377544623
MTL,BGN,0.780244178827204
MTL,CZK,0.691193866937729
MTL,AUD,0.621977512428243
MTL,NOK,0.639415722190411
MTL,NZD,0.62487161273297
MTL,HUF,0.672120117219481
MTL,CHF,0.852124269631116
MTL,GBP,0.564741819987206
MTL,CAD,0.4872388146844
MTL,KRW,0.390518172683926
MTL,ISK,0.549747661082395
MTL,CNY,0.425043795806907
MTL,ZAR,0.323898974989576
MTL,MXN,0.283767873886045
MTL,XPT,0.356216023287017
MTL,THB,0.290919339807409
MTL,MYR,0.288224004679422
MTL,INR,0.296828613534766
MTL,BRL,0.259531638213425
MTL,TWD,0.305936353967728
MTL,COP,0.212363127967826
MTL,JPY,0.481816412856946
MTL,CLP,0.212354796829412
MTL,PHP,0.16939858170441
MTL,ILS,0.196247089451984
MTL,RUB,0.124128009776394
MTL,IDR,0.227954199924477
MTL,TRY,0.167812440174629
MTL,PEN,0.146351617875674
MTL,HKD,0.169165218664664
MTL,SAR,0.0663680100024455
MTL,ARS,0.021731683389525
MTL,PKR,-0.109851778212785
PTE,XDR,0.950369883079958
PTE,ESP,0.99996793395813
PTE,DEM,0.999967862496923
PTE,FIM,0.999980701893529
PTE,MTL,0.999977592089703
PTE,PTE,1
PTE,NLG,0.999969649038226
PTE,ATS,0.9999484436677
PTE,EUR,0.999982639583174
PTE,SIT,0.999970406559978
PTE,SKK,0.999977253502425
PTE,CYP,0.999981071664491
PTE,BEF,0.999978658097263
PTE,LUF,0.999978658097263
PTE,FRF,0.999980845562635
PTE,IEP,0.999981261156653
PTE,ITL,0.999968148151856
PTE,GRD,0.999978080788811
PTE,EEK,0.999957780322312
PTE,SEK,0.804550272102857
PTE,SGD,0.660751786016509
PTE,HRK,0.767425682449711
PTE,PLN,0.721896161474194
PTE,RON,0.774471723621751
PTE,DKK,0.780781711680195
PTE,BGN,0.78027335667314
PTE,CZK,0.691250134731697
PTE,AUD,0.622143368973955
PTE,NOK,0.639479227957869
PTE,NZD,0.624869218421002
PTE,HUF,0.671993672469193
PTE,CHF,0.852061952003935
PTE,GBP,0.564844142725656
PTE,CAD,0.487031082745531
PTE,KRW,0.390753171458421
PTE,ISK,0.549455911791171
PTE,CNY,0.424819023134207
PTE,ZAR,0.324003868774091
PTE,MXN,0.283574769718003
PTE,XPT,0.356119317771584
PTE,THB,0.291382083228824
PTE,MYR,0.288334919090172
PTE,INR,0.296790345385134
PTE,BRL,0.259297954034164
PTE,TWD,0.306055677075979
PTE,COP,0.211645382823521
PTE,JPY,0.48214962571598
PTE,CLP,0.211974284861247
PTE,PHP,0.16981112815645
PTE,ILS,0.196067231052354
PTE,RUB,0.124133698192435
PTE,IDR,0.228075170518257
PTE,TRY,0.167814454159297
PTE,PEN,0.146356724992117
PTE,HKD,0.169186694871607
PTE,SAR,0.0666619497267785
PTE,ARS,0.0217845290526772
PTE,PKR,-0.110089413464277
NLG,XDR,0.950339661125281
NLG,ESP,0.999964921989703
NLG,DEM,0.999970664752022
NLG,FIM,0.999985617969371
NLG,MTL,0.999984717834805
NLG,PTE,0.999969649038226
NLG,NLG,1
NLG,ATS,0.99994604895831
NLG,EUR,0.999985942808673
NLG,SIT,0.999974475574407
NLG,SKK,0.999979162002283
NLG,CYP,0.999984847582134
NLG,BEF,0.999983560928535
NLG,LUF,0.999983560928535
NLG,FRF,0.999984573331963
NLG,IEP,0.999985561122445
NLG,ITL,0.999965180492073
NLG,GRD,0.999981485276321
NLG,EEK,0.999960113732769
NLG,SEK,0.804671414470037
NLG,SGD,0.660446136023033
NLG,HRK,0.767159167770131
NLG,PLN,0.722050374728079
NLG,RON,0.774213707273849
NLG,DKK,0.780445047058031
NLG,BGN,0.779958561550176
NLG,CZK,0.691252368784504
NLG,AUD,0.621950469525847
NLG,NOK,0.639230346965786
NLG,NZD,0.624636252942852
NLG,HUF,0.672308812905503
NLG,CHF,0.852328926494333
NLG,GBP,0.564873602465675
NLG,CAD,0.487102237334006
NLG,KRW,0.390418645798868
NLG,ISK,0.549544880877664
NLG,CNY,0.424877916182269
NLG,ZAR,0.323860541279825
NLG,MXN,0.284041378495873
NLG,XPT,0.356460348345883
NLG,THB,0.29127299039775
NLG,MYR,0.28852864548024
NLG,INR,0.296619896840879
NLG,BRL,0.259370873277632
NLG,TWD,0.305860988007438
NLG,COP,0.212336110253295
NLG,JPY,0.481877831569335
NLG,CLP,0.212209462505371
NLG,PHP,0.169435353459579
NLG,ILS,0.196266194792909
NLG,RUB,0.124008228615036
NLG,IDR,0.228020417316297
NLG,TRY,0.167959645359576
NLG,PEN,0.146077902952769
NLG,HKD,0.16884093874723
NLG,SAR,0.066354316973179
NLG,ARS,0.0223411292997145
NLG,PKR,-0.109676796289076
ATS,XDR,0.950097165049698
ATS,ESP,0.999948988875758
ATS,DEM,0.999944316072767
ATS,FIM,0.999960635388584
ATS,MTL,0.999959662603545
ATS,PTE,0.9999484436677
ATS,NLG,0.99994604895831
ATS,ATS,1
ATS,EUR,0.999960944974271
ATS,SIT,0.999953472058618
ATS,SKK,0.999957413825786
ATS,CYP,0.999960891363055
ATS,BEF,0.999960960175323
ATS,LUF,0.999960960175323
ATS,FRF,0.999958559837385
ATS,IEP,0.999961482670322
ATS,ITL,0.999942185719763
ATS,GRD,0.9999544033331
ATS,EEK,0.999932965655528
ATS,SEK,0.804829321500611
ATS,SGD,0.660366135961622
ATS,HRK,0.767670067709973
ATS,PLN,0.722552392799339
ATS,RON,0.774539211768168
ATS,DKK,0.78108789306435
ATS,BGN,0.780562645297362
ATS,CZK,0.69191621155448
ATS,AUD,0.62179090020615
ATS,NOK,0.639266594459013
ATS,NZD,0.624734013185431
ATS,HUF,0.672518514980041
ATS,CHF,0.851819851147646
ATS,GBP,0.564643905896996
ATS,CAD,0.487081781200741
ATS,KRW,0.390295384093138
ATS,ISK,0.549736234885691
ATS,CNY,0.424156549492377
ATS,ZAR,0.323478137013625
ATS,MXN,0.283496058173952
ATS,XPT,0.356374386804529
ATS,THB,0.290594122821734
ATS,MYR,0.287673685140415
ATS,INR,0.296741488691822
ATS,BRL,0.259545178872049
ATS,TWD,0.306102110509286
ATS,COP,0.212122521481361
ATS,JPY,0.481564672264692
ATS,CLP,0.212596131596956
ATS,PHP,0.168965167226264
ATS,ILS,0.19658113568655
ATS,RUB,0.12432076661518
ATS,IDR,0.228254958851977
ATS,TRY,0.167979728387624
ATS,PEN,0.14626323012863
ATS,HKD,0.168836239114363
ATS,SAR,0.066405045748554
ATS,ARS,0.0222386595814353
ATS,PKR,-0.109676018223726
EUR,XDR,0.950347483285164
EUR,ESP,0.999978972775553
EUR,DEM,0.999982764288742
EUR,FIM,0.999997152400284
EUR,MTL,0.999994897720525
EUR,PTE,0.999982639583174
EUR,NLG,0.999985942808673
EUR,ATS,0.999960944974271
EUR,EUR,1
EUR,SIT,0.999987643726033
EUR,SKK,0.999992617857322
EUR,CYP,0.999997299135218
EUR,BEF,0.999994727677143
EUR,LUF,0.999994727677143
EUR,FRF,0.999997654737477
EUR,IEP,0.999998001826499
EUR,ITL,0.999981376959239
EUR,GRD,0.999992853600714
EUR,EEK,0.999972917364838
EUR,SEK,0.804670002562671
EUR,SGD,0.660475216185032
EUR,HRK,0.767397850127974
EUR,PLN,0.722090006388563
EUR,RON,0.774391572076789
EUR,DKK,0.78073285708759
EUR,BGN,0.780228642361048
EUR,CZK,0.691220965320058
EUR,AUD,0.621997587003222
EUR,NOK,0.639412872058616
EUR,NZD,0.624868076820487
EUR,HUF,0.672144781586253
EUR,CHF,0.852151679691113
EUR,GBP,0.564939291026811
EUR,CAD,0.487241632850455
EUR,KRW,0.390413400090801
EUR,ISK,0.549711718804835
EUR,CNY,0.424808745765056
EUR,ZAR,0.323862152314365
EUR,MXN,0.283692924235367
EUR,XPT,0.356260665217714
EUR,THB,0.29115595455839
EUR,MYR,0.28820588973056
EUR,INR,0.296699486477702
EUR,BRL,0.259311197445266
EUR,TWD,0.305735734309676
EUR,COP,0.212168926193717
EUR,JPY,0.481846968217709
EUR,CLP,0.212165820538412
EUR,PHP,0.169489462215865
EUR,ILS,0.196222434106846
EUR,RUB,0.123898244537098
EUR,IDR,0.227943599886348
EUR,TRY,0.167638700305297
EUR,PEN,0.145986804864904
EUR,HKD,0.169188239402639
EUR,SAR,0.0663363787964142
EUR,ARS,0.0218733141210713
EUR,PKR,-0.109706389510071
SIT,XDR,0.950234355340382
SIT,ESP,0.999967344825675
SIT,DEM,0.999971578045883
SIT,FIM,0.999987067035584
SIT,MTL,0.999983987139527
SIT,PTE,0.999970406559978
SIT,NLG,0.999974475574407
SIT,ATS,0.999953472058618
SIT,EUR,0.999987643726033
SIT,SIT,1
SIT,SKK,0.999981803948242
SIT,CYP,0.999986570804675
SIT,BEF,0.999984501711606
SIT,LUF,0.999984501711606
SIT,FRF,0.999987202635186
SIT,IEP,0.999987661982959
SIT,ITL,0.999969566595191
SIT,GRD,0.999981782934636
SIT,EEK,0.999962445278301
SIT,SEK,0.804881144772412
SIT,SGD,0.660328168153279
SIT,HRK,0.767292570221797
SIT,PLN,0.722057709603116
SIT,RON,0.77418623100822
SIT,DKK,0.780582674561045
SIT,BGN,0.780095105294196
SIT,CZK,0.691411128450444
SIT,AUD,0.621631876965074
SIT,NOK,0.639539330863661
SIT,NZD,0.624437341958163
SIT,HUF,0.672188485526346
SIT,CHF,0.852055499044428
SIT,GBP,0.564937834981313
SIT,CAD,0.487180578612225
SIT,KRW,0.390118040183355
SIT,ISK,0.549815104850574
SIT,CNY,0.424857417717955
SIT,ZAR,0.323936585106251
SIT,MXN,0.283905478235123
SIT,XPT,0.356356995577921
SIT,THB,0.291148158240034
SIT,MYR,0.288243153313073
SIT,INR,0.296938571904574
SIT,BRL,0.259321213017954
SIT,TWD,0.305678312639606
SIT,COP,0.212633272736285
SIT,JPY,0.481261058140246
SIT,CLP,0.212051788832282
SIT,PHP,0.169874295167046
SIT,ILS,0.196193756714749
SIT,RUB,0.124030577734631
SIT,IDR,0.228074580056183
SIT,TRY,0.167289037833966
SIT,PEN,0.146189318417009
SIT,HKD,0.168908795191086
SIT,SAR,0.0664140928675036
SIT,ARS,0.02224895477016
SIT,PKR,-0.109638755790757
SKK,XDR,0.950272662628246
SKK,ESP,0.999972334341957
SKK,DEM,0.999977271571029
SKK,FIM,0.999990524730171
SKK,MTL,0.999987728749815
SKK,PTE,0.999977253502425
SKK,NLG,0.999979162002283
SKK,ATS,0.999957413825786
SKK,EUR,0.999992617857322
SKK,SIT,0.999981803948242
SKK,SKK,1
SKK,CYP,0.999991231192283
SKK,BEF,0.999988405230101
SKK,LUF,0.999988405230101
SKK,FRF,0.999991371277574
SKK,IEP,0.999991899371443
SKK,ITL,0.999975364693301
SKK,GRD,0.999987021529168
SKK,EEK,0.999963767242849
SKK,SEK,0.804654561679286
SKK,SGD,0.660587377115454
SKK,HRK,0.767299687543871
SKK,PLN,0.722257842649463
SKK,RON,0.774361812201948
SKK,DKK,0.780655614756999
SKK,BGN,0.780153012388875
SKK,CZK,0.691352012153201
SKK,AUD,0.621992003671197
SKK,NOK,0.639231269093898
SKK,NZD,0.624729676041992
SKK,HUF,0.672181502236729
SKK,CHF,0.852048146973306
SKK,GBP,0.564709807436631
SKK,CAD,0.487238294180252
SKK,KRW,0.390469106499704
SKK,ISK,0.54960341869198
SKK,CNY,0.424876276252702
SKK,ZAR,0.323782282549634
SKK,MXN,0.283869751697208
SKK,XPT,0.356204765309721
SKK,THB,0.291141220302565
SKK,MYR,0.288174291012572
SKK,INR,0.296833400708189
SKK,BRL,0.259481761313208
SKK,TWD,0.305964821524981
SKK,COP,0.211942328902811
SKK,JPY,0.481706024587627
SKK,CLP,0.212066173127271
SKK,PHP,0.169461425864982
SKK,ILS,0.196197241289658
SKK,RUB,0.123944661670774
SKK,IDR,0.228340004744485
SKK,TRY,0.167494860334441
SKK,PEN,0.145839376201875
SKK,HKD,0.169296695418529
SKK,SAR,0.0662341928924527
SKK,ARS,0.0217881218847899
SKK,PKR,-0.109636680536804
CYP,XDR,0.950290950758214
CYP,ESP,0.999976993669726
CYP,DEM,0.999982232956979
CYP,FIM,0.999996254574052
CYP,MTL,0.999994369790654
CYP,PTE,0.999981071664491
CYP,NLG,0.999984847582134
CYP,ATS,0.999960891363055
CYP,EUR,0.999997299135218
CYP,SIT,0.999986570804675
CYP,SKK,0.999991231192283
CYP,CYP,1
CYP,BEF,0.999993942112427
CYP,LUF,0.999993942112427
CYP,FRF,0.999996386064631
CYP,IEP,0.999996556879003
CYP,ITL,0.999981045783849
CYP,GRD,0.999991433671866
CYP,EEK,0.999972722053429
CYP,SEK,0.804640813968163
CYP,SGD,0.660354153096064
CYP,HRK,0.767421496275396
CYP,PLN,0.722131068598391
CYP,RON,0.774378564035608
CYP,DKK,0.780721933119709
CYP,BGN,0.780218161690823
CYP,CZK,0.691228968527358
CYP,AUD,0.621886081510383
CYP,NOK,0.639378960900003
CYP,NZD,0.624809370217096
CYP,HUF,0.672129739081173
CYP,CHF,0.852081588703484
CYP,GBP,0.564750548582225
CYP,CAD,0.487038877146178
CYP,KRW,0.390467391931208
CYP,ISK,0.549746887520319
CYP,CNY,0.424897736075174
CYP,ZAR,0.323867930341294
CYP,MXN,0.283689764733458
CYP,XPT,0.356325861947776
CYP,THB,0.291065083450995
CYP,MYR,0.288060766348071
CYP,INR,0.296650517573221
CYP,BRL,0.259293228064137
CYP,TWD,0.305828549148817
CYP,COP,0.212338185644326
CYP,JPY,0.481728105829717
CYP,CLP,0.212189988734635
CYP,PHP,0.169361737344776
CYP,ILS,0.19609295471254
CYP,RUB,0.123931998739026
CYP,IDR,0.228050416960788
CYP,TRY,0.167668781170936
CYP,PEN,0.146098837124838
CYP,HKD,0.169103690360234
CYP,SAR,0.0663918148524693
CYP,ARS,0.0218842197401315
CYP,PKR,-0.109714292413398
BEF,XDR,0.950232268566918
BEF,ESP,0.999973658457064
BEF,DEM,0.999978608671049
BEF,FIM,0.999993616112443
BEF,MTL,0.999992768359948
BEF,PTE,0.999978658097263
BEF,NLG,0.999983560928535
BEF,ATS,0.999960960175323
BEF,EUR,0.999994727677143
BEF,SIT,0.999984501711606
BEF,SKK,0.999988405230101
BEF,CYP,0.999993942112427
BEF,BEF,1
BEF,LUF,1
BEF,FRF,0.99999353381927
BEF,IEP,0.999994906617161
BEF,ITL,0.999975921642299
BEF,GRD,0.999989317856698
BEF,EEK,0.999969175381298
BEF,SEK,0.804718909592746
BEF,SGD,0.660449188161861
BEF,HRK,0.767349574154738
BEF,PLN,0.722096530379876
BEF,RON,0.774322445464096
BEF,DKK,0.78063507764664
BEF,BGN,0.780142603964418
BEF,CZK,0.691367749998439
BEF,AUD,0.621953660158416
BEF,NOK,0.639460792129903
BEF,NZD,0.62484216070735
BEF,HUF,0.672204866379914
BEF,CHF,0.852111199502832
BEF,GBP,0.564570970798078
BEF,CAD,0.487216045185972
BEF,KRW,0.390395433863587
BEF,ISK,0.549482861032987
BEF,CNY,0.424987151150115
BEF,ZAR,0.32379020439958
BEF,MXN,0.283783037053594
BEF,XPT,0.356397147436097
BEF,THB,0.290896003876656
BEF,MYR,0.288055441976504
BEF,INR,0.296692671126238
BEF,BRL,0.259321619514023
BEF,TWD,0.305722302650137
BEF,COP,0.212355525853776
BEF,JPY,0.481585542531479
BEF,CLP,0.212399147930794
BEF,PHP,0.169176387504873
BEF,ILS,0.195947472231272
BEF,RUB,0.124048066689448
BEF,IDR,0.227958119264165
BEF,TRY,0.16792284527163
BEF,PEN,0.146050786844406
BEF,HKD,0.168907480675789
BEF,SAR,0.066556222917493
BEF,ARS,0.0219853875987378
BEF,PKR,-0.109820260840898
LUF,XDR,0.950232268566918
LUF,ESP,0.999973658457064
LUF,DEM,0.999978608671049
LUF,FIM,0.999993616112443
LUF,MTL,0.999992768359948
LUF,PTE,0.999978658097263
LUF,NLG,0.999983560928535
LUF,ATS,0.999960960175323
LUF,EUR,0.999994727677143
LUF,SIT,0.999984501711606
LUF,SKK,0.999988405230101
LUF,CYP,0.999993942112427
LUF,BEF,1
LUF,LUF,1
LUF,FRF,0.99999353381927
LUF,IEP,0.999994906617161
LUF,ITL,0.999975921642299
LUF,GRD,0.999989317856698
LUF,EEK,0.999969175381298
LUF,SEK,0.804718909592746
LUF,SGD,0.660449188161861
LUF,HRK,0.767349574154738
LUF,PLN,0.722096530379876
LUF,RON,0.774322445464096
LUF,DKK,0.78063507764664
LUF,BGN,0.780142603964418
LUF,CZK,0.691367749998439
LUF,AUD,0.621953660158416
LUF,NOK,0.639460792129903
LUF,NZD,0.62484216070735
LUF,HUF,0.672204866379914
LUF,CHF,0.852111199502832
LUF,GBP,0.564570970798078
LUF,CAD,0.487216045185972
LUF,KRW,0.390395433863587
LUF,ISK,0.549482861032987
LUF,CNY,0.424987151150115
LUF,ZAR,0.32379020439958
LUF,MXN,0.283783037053594
LUF,XPT,0.356397147436097
LUF,THB,0.290896003876656
LUF,MYR,0.288055441976504
LUF,INR,0.296692671126238
LUF,BRL,0.259321619514023
LUF,TWD,0.305722302650137
LUF,COP,0.212355525853776
LUF,JPY,0.481585542531479
LUF,CLP,0.212399147930794
LUF,PHP,0.169176387504873
LUF,ILS,0.195947472231272
LUF,RUB,0.124048066689448
LUF,IDR,0.227958119264165
LUF,TRY,0.16792284527163
LUF,PEN,0.146050786844406
LUF,HKD,0.168907480675789
LUF,SAR,0.066556222917493
LUF,ARS,0.0219853875987378
LUF,PKR,-0.109820260840898
FRF,XDR,0.950324565203442
FRF,ESP,0.999977220790105
FRF,DEM,0.999981460966288
FRF,FIM,0.999996347545122
FRF,MTL,0.999994179373091
FRF,PTE,0.999980845562635
FRF,NLG,0.999984573331963
FRF,ATS,0.999958559837385
FRF,EUR,0.999997654737477
FRF,SIT,0.999987202635186
FRF,SKK,0.999991371277574
FRF,CYP,0.999996386064631
FRF,BEF,0.99999353381927
FRF,LUF,0.99999353381927
FRF,FRF,1
FRF,IEP,0.999997354372906
FRF,ITL,0.999979266458953
FRF,GRD,0.999991904494836
FRF,EEK,0.99997298399143
FRF,SEK,0.804668676403544
FRF,SGD,0.660412538643295
FRF,HRK,0.767394290430165
FRF,PLN,0.722056940600727
FRF,RON,0.774372095908758
FRF,DKK,0.780707971932927
FRF,BGN,0.780209238615812
FRF,CZK,0.691213567215312
FRF,AUD,0.62192778106729
FRF,NOK,0.639309264734115
FRF,NZD,0.624760413004396
FRF,HUF,0.672044117305378
FRF,CHF,0.852156136769409
FRF,GBP,0.564898574019197
FRF,CAD,0.48719299030542
FRF,KRW,0.390406444133097
FRF,ISK,0.549621082785351
FRF,CNY,0.424855207737725
FRF,ZAR,0.323751019237747
FRF,MXN,0.283662875364731
FRF,XPT,0.356261065565172
FRF,THB,0.291091288084174
FRF,MYR,0.288181319300845
FRF,INR,0.296649512412335
FRF,BRL,0.259189580967003
FRF,TWD,0.305886364969319
FRF,COP,0.212136419503185
FRF,JPY,0.481752009795108
FRF,CLP,0.212030920950434
FRF,PHP,0.169515285577755
FRF,ILS,0.196202935084997
FRF,RUB,0.1238594440364
FRF,IDR,0.227912195742321
FRF,TRY,0.167576323358726
FRF,PEN,0.145952593088651
FRF,HKD,0.169282315962874
FRF,SAR,0.0662950097887482
FRF,ARS,0.0219634156809551
FRF,PKR,-0.109743378016067
IEP,XDR,0.950274498999633
IEP,ESP,0.999977373364392
IEP,DEM,0.999981963155039
IEP,FIM,0.999996835699855
IEP,MTL,0.999994179886384
IEP,PTE,0.999981261156653
IEP,NLG,0.999985561122445
IEP,ATS,0.999961482670322
IEP,EUR,0.999998001826499
IEP,SIT,0.999987661982959
IEP,SKK,0.999991899371443
IEP,CYP,0.999996556879003
IEP,BEF,0.999994906617161
IEP,LUF,0.999994906617161
IEP,FRF,0.999997354372906
IEP,IEP,1
IEP,ITL,0.999979943814721
IEP,GRD,0.999992912374653
IEP,EEK,0.999972729746205
IEP,SEK,0.804717611399931
IEP,SGD,0.66044199867748
IEP,HRK,0.767454798293345
IEP,PLN,0.722112125715216
IEP,RON,0.774427029752983
IEP,DKK,0.780759039310847
IEP,BGN,0.780263769941284
IEP,CZK,0.691293979402424
IEP,AUD,0.621926097988485
IEP,NOK,0.63940893708163
IEP,NZD,0.624776372081008
IEP,HUF,0.672176608745939
IEP,CHF,0.852030662320385
IEP,GBP,0.564810483254897
IEP,CAD,0.487247217275353
IEP,KRW,0.390305419095766
IEP,ISK,0.54965660022595
IEP,CNY,0.424758005373957
IEP,ZAR,0.323672235241604
IEP,MXN,0.283733286405532
IEP,XPT,0.356241451796164
IEP,THB,0.291103134151955
IEP,MYR,0.288235036105874
IEP,INR,0.296722585374491
IEP,BRL,0.259273024839567
IEP,TWD,0.305719367281049
IEP,COP,0.21210277817896
IEP,JPY,0.481666962589782
IEP,CLP,0.212017941170223
IEP,PHP,0.169405303674689
IEP,ILS,0.196154574482691
IEP,RUB,0.123863406027091
IEP,IDR,0.227925263068874
IEP,TRY,0.16777692828715
IEP,PEN,0.145952098912692
IEP,HKD,0.169035122594028
IEP,SAR,0.0663066284836388
IEP,ARS,0.0219002434567048
IEP,PKR,-0.109779495285631
ITL,XDR,0.950253831694869
ITL,ESP,0.999957207366973
ITL,DEM,0.999965728469622
ITL,FIM,0.999978272283114
ITL,MTL,0.999976475103842
ITL,PTE,0.999968148151856
ITL,NLG,0.999965180492073
ITL,ATS,0.999942185719763
ITL,EUR,0.999981376959239
ITL,SIT,0.999969566595191
ITL,SKK,0.999975364693301
ITL,CYP,0.999981045783849
ITL,BEF,0.999975921642299
ITL,LUF,0.999975921642299
ITL,FRF,0.999979266458953
ITL,IEP,0.999979943814721
ITL,ITL,1
ITL,GRD,0.999975950042714
ITL,EEK,0.999958767300211
ITL,SEK,0.804718390327319
ITL,SGD,0.660669156479259
ITL,HRK,0.767336144996563
ITL,PLN,0.722170284640909
ITL,RON,0.774287361247456
ITL,DKK,0.780699405889274
ITL,BGN,0.780183816867226
ITL,CZK,0.691345393526977
ITL,AUD,0.622009571772693
ITL,NOK,0.639585036416207
ITL,NZD,0.624826422986025
ITL,HUF,0.672195759151374
ITL,CHF,0.852003809593863
ITL,GBP,0.564663728982879
ITL,CAD,0.487067743101039
ITL,KRW,0.390703606216242
ITL,ISK,0.549654279059913
ITL,CNY,0.424978828405767
ITL,ZAR,0.32392691447663
ITL,MXN,0.28358171332059
ITL,XPT,0.356654916889018
ITL,THB,0.290750001890182
ITL,MYR,0.288014044644503
ITL,INR,0.296498761924452
ITL,BRL,0.25909185697491
ITL,TWD,0.305852583414871
ITL,COP,0.212182776572849
ITL,JPY,0.481614717846766
ITL,CLP,0.212231291127491
ITL,PHP,0.169119956568569
ITL,ILS,0.19590242432816
ITL,RUB,0.124241285282226
ITL,IDR,0.228484750814145
ITL,TRY,0.167625055281209
ITL,PEN,0.145609534505151
ITL,HKD,0.168709788510331
ITL,SAR,0.0663546571838079
ITL,ARS,0.0216643051592058
ITL,PKR,-0.109726574357149
GRD,XDR,0.950133792976422
GRD,ESP,0.999972549914066
GRD,DEM,0.999976189372645
GRD,FIM,0.999991538857299
GRD,MTL,0.99998818891474
GRD,PTE,0.999978080788811
GRD,NLG,0.999981485276321
GRD,ATS,0.9999544033331
GRD,EUR,0.999992853600714
GRD,SIT,0.999981782934636
GRD,SKK,0.999987021529168
GRD,CYP,0.999991433671866
GRD,BEF,0.999989317856698
GRD,LUF,0.999989317856698
GRD,FRF,0.999991904494836
GRD,IEP,0.999992912374653
GRD,ITL,0.999975950042714
GRD,GRD,1
GRD,EEK,0.99996725152633
GRD,SEK,0.804715460836027
GRD,SGD,0.660122251077863
GRD,HRK,0.767341673497009
GRD,PLN,0.721979205949402
GRD,RON,0.774332530236014
GRD,DKK,0.780636535338158
GRD,BGN,0.780144232365624
GRD,CZK,0.691330254875371
GRD,AUD,0.621753678118734
GRD,NOK,0.63931268234847
GRD,NZD,0.624588285817818
GRD,HUF,0.672076128833555
GRD,CHF,0.85219718877447
GRD,GBP,0.564414761608569
GRD,CAD,0.487069853585661
GRD,KRW,0.390053035113585
GRD,ISK,0.54962071429353
GRD,CNY,0.424426717714845
GRD,ZAR,0.323497199995926
GRD,MXN,0.2836511941372
GRD,XPT,0.356101605615085
GRD,THB,0.290965857436872
GRD,MYR,0.287864055360255
GRD,INR,0.296543831339139
GRD,BRL,0.259203365336814
GRD,TWD,0.305688917888196
GRD,COP,0.211840919469893
GRD,JPY,0.481683917095693
GRD,CLP,0.211953005466085
GRD,PHP,0.169443083914585
GRD,ILS,0.195971284098623
GRD,RUB,0.123733427262358
GRD,IDR,0.227832517039481
GRD,TRY,0.167692667075001
GRD,PEN,0.145905668684429
GRD,HKD,0.168782320511549
GRD,SAR,0.0661160404002312
GRD,ARS,0.0221123598381873
GRD,PKR,-0.10978577042372
EEK,XDR,0.950144982220385
EEK,ESP,0.99995056610201
EEK,DEM,0.999963234758208
EEK,FIM,0.999971632572647
EEK,MTL,0.999971626606346
EEK,PTE,0.999957780322312
EEK,NLG,0.999960113732769
EEK,ATS,0.999932965655528
EEK,EUR,0.999972917364838
EEK,SIT,0.999962445278301
EEK,SKK,0.999963767242849
EEK,CYP,0.999972722053429
EEK,BEF,0.999969175381298
EEK,LUF,0.999969175381298
EEK,FRF,0.99997298399143
EEK,IEP,0.999972729746205
EEK,ITL,0.999958767300211
EEK,GRD,0.99996725152633
EEK,EEK,1
EEK,SEK,0.804805429889899
EEK,SGD,0.660450908510239
EEK,HRK,0.766959200533684
EEK,PLN,0.721810237544529
EEK,RON,0.773947975046356
EEK,DKK,0.78033778345953
EEK,BGN,0.779834106467796
EEK,CZK,0.69104283509899
EEK,AUD,0.621873445302819
EEK,NOK,0.639626332189061
EEK,NZD,0.624363486028222
EEK,HUF,0.67135607993242
EEK,CHF,0.852069293274205
EEK,GBP,0.564597346536214
EEK,CAD,0.486850531272141
EEK,KRW,0.390096534183947
EEK,ISK,0.549466637113662
EEK,CNY,0.424112504757431
EEK,ZAR,0.323377701538682
EEK,MXN,0.283482574730327
EEK,XPT,0.355920799975002
EEK,THB,0.290884873656017
EEK,MYR,0.287949490541056
EEK,INR,0.296584120110682
EEK,BRL,0.25907564782222
EEK,TWD,0.305466008381052
EEK,COP,0.212182972780839
EEK,JPY,0.481865979552398
EEK,CLP,0.21161992611619
EEK,PHP,0.169070498050228
EEK,ILS,0.195971477391665
EEK,RUB,0.124250031093819
EEK,IDR,0.22769007207936
EEK,TRY,0.167903700879729
EEK,PEN,0.145906197818244
EEK,HKD,0.16907202727825
EEK,SAR,0.0666430133119165
EEK,ARS,0.0228220757182181
EEK,PKR,-0.109043984269978
SEK,XDR,0.793368496555789
SEK,ESP,0.804947769649241
SEK,DEM,0.804587455447751
SEK,FIM,0.80487216666742
SEK,MTL,0.804824638928148
SEK,PTE,0.804550272102857
SEK,NLG,0.804671414470037
SEK,ATS,0.804829321500611
SEK,EUR,0.804670002562671
SEK,SIT,0.804881144772412
SEK,SKK,0.804654561679286
SEK,CYP,0.804640813968163
SEK,BEF,0.804718909592746
SEK,LUF,0.804718909592746
SEK,FRF,0.804668676403544
SEK,IEP,0.804717611399931
SEK,ITL,0.804718390327319
SEK,GRD,0.804715460836027
SEK,EEK,0.804805429889899
SEK,SEK,1
SEK,SGD,0.718153876163597
SEK,HRK,0.637649229531754
SEK,PLN,0.663356307762019
SEK,RON,0.631806601979464
SEK,DKK,0.630075135724294
SEK,BGN,0.628884973175702
SEK,CZK,0.64960511698454
SEK,AUD,0.737290016856608
SEK,NOK,0.810564264723542
SEK,NZD,0.714240407836047
SEK,HUF,0.602553475103686
SEK,CHF,0.650562286586762
SEK,GBP,0.584562359537538
SEK,CAD,0.631666971633093
SEK,KRW,0.543305723592104
SEK,ISK,0.46480842085666
SEK,CNY,0.458682006088644
SEK,ZAR,0.479651947136433
SEK,MXN,0.473085579563952
SEK,XPT,0.397317185150341
SEK,THB,0.337310650210434
SEK,MYR,0.356542705574729
SEK,INR,0.396403829701515
SEK,BRL,0.358086074984512
SEK,TWD,0.370978255115477
SEK,COP,0.377054295812998
SEK,JPY,0.290074070645842
SEK,CLP,0.359622260312367
SEK,PHP,0.255274898295729
SEK,ILS,0.279716683931793
SEK,RUB,0.402557400310301
SEK,IDR,0.243411107136334
SEK,TRY,0.199955290207496
SEK,PEN,0.244832141211444
SEK,HKD,0.112680995116773
SEK,SAR,0.039582927902146
SEK,ARS,-0.0172874931849105
SEK,PKR,-0.0833262215269243
SGD,XDR,0.746070761327081
SGD,ESP,0.660897456572206
SGD,DEM,0.660547002880743
SGD,FIM,0.660606833833574
SGD,MTL,0.660456984699046
SGD,PTE,0.660751786016509
SGD,NLG,0.660446136023033
SGD,ATS,0.660366135961622
SGD,EUR,0.660475216185032
SGD,SIT,0.660328168153279
SGD,SKK,0.660587377115454
SGD,CYP,0.660354153096064
SGD,BEF,0.660449188161861
SGD,LUF,0.660449188161861
SGD,FRF,0.660412538643295
SGD,IEP,0.66044199867748
SGD,ITL,0.660669156479259
SGD,GRD,0.660122251077863
SGD,EEK,0.660450908510239
SGD,SEK,0.718153876163597
SGD,SGD,1
SGD,HRK,0.597353349578484
SGD,PLN,0.634342449079728
SGD,RON,0.597630392519823
SGD,DKK,0.582475024319701
SGD,BGN,0.582186161039264
SGD,CZK,0.633775157644657
SGD,AUD,0.816884333935366
SGD,NOK,0.702287722110609
SGD,NZD,0.775497368880581
SGD,HUF,0.597716758418796
SGD,CHF,0.54474065935934
SGD,GBP,0.698313540751788
SGD,CAD,0.665528580334408
SGD,KRW,0.747654183177709
SGD,ISK,0.436498973029226
SGD,CNY,0.597333112460477
SGD,ZAR,0.555707918679789
SGD,MXN,0.567969518278921
SGD,XPT,0.471876369376498
SGD,THB,0.505072614222368
SGD,MYR,0.507952415030792
SGD,INR,0.522984952260566
SGD,BRL,0.396334316225422
SGD,TWD,0.4826139916014
SGD,COP,0.428238673019425
SGD,JPY,0.305882590226397
SGD,CLP,0.39573148527985
SGD,PHP,0.353695042953205
SGD,ILS,0.336503276818153
SGD,RUB,0.455151723784193
SGD,IDR,0.32653087180411
SGD,TRY,0.264254268132031
SGD,PEN,0.279759224524911
SGD,HKD,0.122083723357415
SGD,SAR,-0.00703043232375196
SGD,ARS,-0.142575551843637
SGD,PKR,-0.174418137259584
HRK,XDR,0.750993056339702
HRK,ESP,0.767398481439409
HRK,DEM,0.767772512468382
HRK,FIM,0.767299932316655
HRK,MTL,0.767425482793973
HRK,PTE,0.767425682449711
HRK,NLG,0.767159167770131
HRK,ATS,0.767670067709973
HRK,EUR,0.767397850127974
HRK,SIT,0.767292570221797
HRK,SKK,0.767299687543871
HRK,CYP,0.767421496275396
HRK,BEF,0.767349574154738
HRK,LUF,0.767349574154738
HRK,FRF,0.767394290430165
HRK,IEP,0.767454798293345
HRK,ITL,0.767336144996563
HRK,GRD,0.767341673497009
HRK,EEK,0.766959200533684
HRK,SEK,0.637649229531754
HRK,SGD,0.597353349578484
HRK,HRK,1
HRK,PLN,0.81326871083148
HRK,RON,0.969311966220574
HRK,DKK,0.977091974005212
HRK,BGN,0.977195302063692
HRK,CZK,0.779838823968963
HRK,AUD,0.595290787855359
HRK,NOK,0.560348087390367
HRK,NZD,0.558708517746881
HRK,HUF,0.747466124599311
HRK,CHF,0.612557068452223
HRK,GBP,0.508033138376775
HRK,CAD,0.507045480662472
HRK,KRW,0.406734584106116
HRK,ISK,0.668805869041863
HRK,CNY,0.381171464574809
HRK,ZAR,0.314048496877933
HRK,MXN,0.287137261921913
HRK,XPT,0.355307080502267
HRK,THB,0.504977843866523
HRK,MYR,0.474379841778153
HRK,INR,0.244827745224169
HRK,BRL,0.228541112565213
HRK,TWD,0.285191138020582
HRK,COP,0.178138657140792
HRK,JPY,0.352700706147913
HRK,CLP,0.207559915615348
HRK,PHP,0.395933042217931
HRK,ILS,0.348667768232919
HRK,RUB,0.162706634670302
HRK,IDR,0.155961526314812
HRK,TRY,0.155853612737456
HRK,PEN,0.109668322862198
HRK,HKD,0.114342189009321
HRK,SAR,-0.00469098599485719
HRK,ARS,-0.0904419518609631
HRK,PKR,-0.19014655346316
PLN,XDR,0.73011379551054
PLN,ESP,0.722129060058315
PLN,DEM,0.722317307780277
PLN,FIM,0.722038055653641
PLN,MTL,0.722069877162741
PLN,PTE,0.721896161474194
PLN,NLG,0.722050374728079
PLN,ATS,0.722552392799339
PLN,EUR,0.722090006388563
PLN,SIT,0.722057709603116
PLN,SKK,0.722257842649463
PLN,CYP,0.722131068598391
PLN,BEF,0.722096530379876
PLN,LUF,0.722096530379876
PLN,FRF,0.722056940600727
PLN,IEP,0.722112125715216
PLN,ITL,0.722170284640909
PLN,GRD,0.721979205949402
PLN,EEK,0.721810237544529
PLN,SEK,0.663356307762019
PLN,SGD,0.634342449079728
PLN,HRK,0.81326871083148
PLN,PLN,1
PLN,RON,0.827577915593967
PLN,DKK,0.823841055285705
PLN,BGN,0.822520893669756
PLN,CZK,0.845877500532153
PLN,AUD,0.665776752788921
PLN,NOK,0.599718243761696
PLN,NZD,0.603953273413611
PLN,HUF,0.807043688424531
PLN,CHF,0.572877865676635
PLN,GBP,0.579683296430815
PLN,CAD,0.592018065131824
PLN,KRW,0.468470223653635
PLN,ISK,0.594466425638151
PLN,CNY,0.40317083154441
PLN,ZAR,0.396999042677481
PLN,MXN,0.414350816515989
PLN,XPT,0.43157658347296
PLN,THB,0.480200811555996
PLN,MYR,0.46021047870955
PLN,INR,0.317655025576079
PLN,BRL,0.303176986368926
PLN,TWD,0.311876366009173
PLN,COP,0.253886913002296
PLN,JPY,0.299785997988701
PLN,CLP,0.236950711536684
PLN,PHP,0.341291813448285
PLN,ILS,0.355167084350308
PLN,RUB,0.239503316147751
PLN,IDR,0.265397037660816
PLN,TRY,0.207571134369661
PLN,PEN,0.195584865589409
PLN,HKD,0.104514106003166
PLN,SAR,0.00425849753454542
PLN,ARS,-0.101141113526992
PLN,PKR,-0.140531683521384
RON,XDR,0.761295964669875
RON,ESP,0.774354601128926
RON,DEM,0.774786240555568
RON,FIM,0.774251389915691
RON,MTL,0.774390277667259
RON,PTE,0.774471723621751
RON,NLG,0.774213707273849
RON,ATS,0.774539211768168
RON,EUR,0.774391572076789
RON,SIT,0.77418623100822
RON,SKK,0.774361812201948
RON,CYP,0.774378564035608
RON,BEF,0.774322445464096
RON,LUF,0.774322445464096
RON,FRF,0.774372095908758
RON,IEP,0.774427029752983
RON,ITL,0.774287361247456
RON,GRD,0.774332530236014
RON,EEK,0.773947975046356
RON,SEK,0.631806601979464
RON,SGD,0.597630392519823
RON,HRK,0.969311966220574
RON,PLN,0.827577915593967
RON,RON,1
RON,DKK,0.988295560208037
RON,BGN,0.989550346536223
RON,CZK,0.781240983845419
RON,AUD,0.59513718580651
RON,NOK,0.530996503525967
RON,NZD,0.560761442521423
RON,HUF,0.763397899259561
RON,CHF,0.617632451285906
RON,GBP,0.511565474631185
RON,CAD,0.491020427747516
RON,KRW,0.408124933314696
RON,ISK,0.664498263424253
RON,CNY,0.377616739268946
RON,ZAR,0.299968109807609
RON,MXN,0.26420923391689
RON,XPT,0.337289461375875
RON,THB,0.509979847336505
RON,MYR,0.474429363662856
RON,INR,0.253230180894126
RON,BRL,0.212835682599794
RON,TWD,0.28928876187741
RON,COP,0.146836870120113
RON,JPY,0.37901859511058
RON,CLP,0.172136338655334
RON,PHP,0.395417520683743
RON,ILS,0.354102983152093
RON,RUB,0.120004634395358
RON,IDR,0.136833886144768
RON,TRY,0.162418704490736
RON,PEN,0.105410109837943
RON,HKD,0.142790245975702
RON,SAR,-0.0372939403029946
RON,ARS,-0.111462104266952
RON,PKR,-0.207264134391308
DKK,XDR,0.763676143058153
DKK,ESP,0.780717413427237
DKK,DEM,0.781095464876286
DKK,FIM,0.780591001347011
DKK,MTL,0.780746377544623
DKK,PTE,0.780781711680195
DKK,NLG,0.780445047058031
DKK,ATS,0.78108789306435
DKK,EUR,0.78073285708759
DKK,SIT,0.780582674561045
DKK,SKK,0.780655614756999
DKK,CYP,0.780721933119709
DKK,BEF,0.78063507764664
DKK,LUF,0.78063507764664
DKK,FRF,0.780707971932927
DKK,IEP,0.780759039310847
DKK,ITL,0.780699405889274
DKK,GRD,0.780636535338158
DKK,EEK,0.78033778345953
DKK,SEK,0.630075135724294
DKK,SGD,0.582475024319701
DKK,HRK,0.977091974005212
DKK,PLN,0.823841055285705
DKK,RON,0.988295560208037
DKK,DKK,1
DKK,BGN,0.999326753508771
DKK,CZK,0.775943859766461
DKK,AUD,0.582201467595107
DKK,NOK,0.520118617742865
DKK,NZD,0.547401350545267
DKK,HUF,0.754639504723337
DKK,CHF,0.62551966462582
DKK,GBP,0.503928767569507
DKK,CAD,0.484330243112483
DKK,KRW,0.386220221658252
DKK,ISK,0.671876477503857
DKK,CNY,0.366794004244338
DKK,ZAR,0.28607751570223
DKK,MXN,0.245338453880981
DKK,XPT,0.32993543076584
DKK,THB,0.502572519421632
DKK,MYR,0.461038137368955
DKK,INR,0.234695039764784
DKK,BRL,0.205056532230983
DKK,TWD,0.274122420263814
DKK,COP,0.125740172425284
DKK,JPY,0.386939740030227
DKK,CLP,0.164699725518722
DKK,PHP,0.389482329822986
DKK,ILS,0.350424888029826
DKK,RUB,0.10060551994691
DKK,IDR,0.135710423737404
DKK,TRY,0.149302144012446
DKK,PEN,0.106890358876792
DKK,HKD,0.16157157488918
DKK,SAR,-0.0318627134044493
DKK,ARS,-0.11332903133915
DKK,PKR,-0.208898860931704
BGN,XDR,0.762765907685538
BGN,ESP,0.780200739613523
BGN,DEM,0.780606189624342
BGN,FIM,0.780085941799341
BGN,MTL,0.780244178827204
BGN,PTE,0.78027335667314
BGN,NLG,0.779958561550176
BGN,ATS,0.780562645297362
BGN,EUR,0.780228642361048
BGN,SIT,0.780095105294196
BGN,SKK,0.780153012388875
BGN,CYP,0.780218161690823
BGN,BEF,0.780142603964418
BGN,LUF,0.780142603964418
BGN,FRF,0.780209238615812
BGN,IEP,0.780263769941284
BGN,ITL,0.780183816867226
BGN,GRD,0.780144232365624
BGN,EEK,0.779834106467796
BGN,SEK,0.628884973175702
BGN,SGD,0.582186161039264
BGN,HRK,0.977195302063692
BGN,PLN,0.822520893669756
BGN,RON,0.989550346536223
BGN,DKK,0.999326753508771
BGN,BGN,1
BGN,CZK,0.775363811838638
BGN,AUD,0.579537756819221
BGN,NOK,0.51783808957883
BGN,NZD,0.545177414508433
BGN,HUF,0.756392742610613
BGN,CHF,0.624860992978917
BGN,GBP,0.500337365531118
BGN,CAD,0.482265134711443
BGN,KRW,0.384876034789004
BGN,ISK,0.672149914479104
BGN,CNY,0.368173040683073
BGN,ZAR,0.284128529092415
BGN,MXN,0.242826871012769
BGN,XPT,0.328152043330284
BGN,THB,0.501835170454251
BGN,MYR,0.462485829172679
BGN,INR,0.234823287144688
BGN,BRL,0.204316325555962
BGN,TWD,0.273100393346503
BGN,COP,0.124294859869221
BGN,JPY,0.386861835204421
BGN,CLP,0.161897458001204
BGN,PHP,0.388702432615638
BGN,ILS,0.345985072591664
BGN,RUB,0.100249178157594
BGN,IDR,0.133641688660591
BGN,TRY,0.147772820526518
BGN,PEN,0.10404552026602
BGN,HKD,0.160894484340176
BGN,SAR,-0.0356391997083227
BGN,ARS,-0.108709169807826
BGN,PKR,-0.206611966978644
CZK,XDR,0.711159461813227
CZK,ESP,0.691329527574068
CZK,DEM,0.691343955214447
CZK,FIM,0.691200296992961
CZK,MTL,0.691193866937729
CZK,PTE,0.691250134731697
CZK,NLG,0.691252368784504
CZK,ATS,0.69191621155448
CZK,EUR,0.691220965320058
CZK,SIT,0.691411128450444
CZK,SKK,0.691352012153201
CZK,CYP,0.691228968527358
CZK,BEF,0.691367749998439
CZK,LUF,0.691367749998439
CZK,FRF,0.691213567215312
CZK,IEP,0.691293979402424
CZK,ITL,0.691345393526977
CZK,GRD,0.691330254875371
CZK,EEK,0.69104283509899
CZK,SEK,0.64960511698454
CZK,SGD,0.633775157644657
CZK,HRK,0.779838823968963
CZK,PLN,0.845877500532153
CZK,RON,0.781240983845419
CZK,DKK,0.775943859766461
CZK,BGN,0.775363811838638
CZK,CZK,1
CZK,AUD,0.667352114198234
CZK,NOK,0.619820286424138
CZK,NZD,0.587053426087151
CZK,HUF,0.773974719690395
CZK,CHF,0.529329865803213
CZK,GBP,0.601176204004482
CZK,CAD,0.565940411752568
CZK,KRW,0.477250828606911
CZK,ISK,0.559376237953585
CZK,CNY,0.408982276934302
CZK,ZAR,0.465110320297469
CZK,MXN,0.474005213360268
CZK,XPT,0.465225624225921
CZK,THB,0.485166246405653
CZK,MYR,0.473833860055886
CZK,INR,0.334673942411354
CZK,BRL,0.364382368340967
CZK,TWD,0.293267337666488
CZK,COP,0.317518092817875
CZK,JPY,0.277194313370792
CZK,CLP,0.271721617292196
CZK,PHP,0.412108320412609
CZK,ILS,0.372446436669345
CZK,RUB,0.249729580730257
CZK,IDR,0.2820648673241
CZK,TRY,0.220093051543545
CZK,PEN,0.180795253058552
CZK,HKD,-0.0365571393241806
CZK,SAR,0.0439137228650833
CZK,ARS,-0.0402148829489388
CZK,PKR,-0.104022063260267
AUD,XDR,0.692079328499756
AUD,ESP,0.622049409474627
AUD,DEM,0.622145714803011
AUD,FIM,0.62207217652301
AUD,MTL,0.621977512428243
AUD,PTE,0.622143368973955
AUD,NLG,0.621950469525847
AUD,ATS,0.62179090020615
AUD,EUR,0.621997587003222
AUD,SIT,0.621631876965074
AUD,SKK,0.621992003671197
AUD,CYP,0.621886081510383
AUD,BEF,0.621953660158416
AUD,LUF,0.621953660158416
AUD,FRF,0.62192778106729
AUD,IEP,0.621926097988485
AUD,ITL,0.622009571772693
AUD,GRD,0.621753678118734
AUD,EEK,0.621873445302819
AUD,SEK,0.737290016856608
AUD,SGD,0.816884333935366
AUD,HRK,0.595290787855359
AUD,PLN,0.665776752788921
AUD,RON,0.59513718580651
AUD,DKK,0.582201467595107
AUD,BGN,0.579537756819221
AUD,CZK,0.667352114198234
AUD,AUD,1
AUD,NOK,0.746928065069667
AUD,NZD,0.896111765076271
AUD,HUF,0.594377792742808
AUD,CHF,0.469688183799318
AUD,GBP,0.7140299515822
AUD,CAD,0.764822941020191
AUD,KRW,0.65831911662499
AUD,ISK,0.446811189660025
AUD,CNY,0.436411601330983
AUD,ZAR,0.561030538187246
AUD,MXN,0.552920219977034
AUD,XPT,0.5048450091256
AUD,THB,0.485133692376554
AUD,MYR,0.472783589215508
AUD,INR,0.467289101762997
AUD,BRL,0.409369193011385
AUD,TWD,0.395331562391215
AUD,COP,0.415587472016177
AUD,JPY,0.255590310213313
AUD,CLP,0.415125681927128
AUD,PHP,0.401015314303168
AUD,ILS,0.423217872856956
AUD,RUB,0.474771510096315
AUD,IDR,0.275594165088138
AUD,TRY,0.267356366377703
AUD,PEN,0.267212781108173
AUD,HKD,0.13262048942224
AUD,SAR,0.0339796235732306
AUD,ARS,-0.124354968398014
AUD,PKR,-0.105590016277557
NOK,XDR,0.658570996005781
NOK,ESP,0.639817136648025
NOK,DEM,0.639655478452237
NOK,FIM,0.639541843125925
NOK,MTL,0.639415722190411
NOK,PTE,0.639479227957869
NOK,NLG,0.639230346965786
NOK,ATS,0.639266594459013
NOK,EUR,0.639412872058616
NOK,SIT,0.639539330863661
NOK,SKK,0.639231269093898
NOK,CYP,0.639378960900003
NOK,BEF,0.639460792129903
NOK,LUF,0.639460792129903
NOK,FRF,0.639309264734115
NOK,IEP,0.63940893708163
NOK,ITL,0.639585036416207
NOK,GRD,0.63931268234847
NOK,EEK,0.639626332189061
NOK,SEK,0.810564264723542
NOK,SGD,0.702287722110609
NOK,HRK,0.560348087390367
NOK,PLN,0.599718243761696
NOK,RON,0.530996503525967
NOK,DKK,0.520118617742865
NOK,BGN,0.51783808957883
NOK,CZK,0.619820286424138
NOK,AUD,0.746928065069667
NOK,NOK,1
NOK,NZD,0.725738506796894
NOK,HUF,0.542201110587034
NOK,CHF,0.452811818415326
NOK,GBP,0.62205307581142
NOK,CAD,0.706612351455745
NOK,KRW,0.590742043145044
NOK,ISK,0.395975008750573
NOK,CNY,0.462079932340049
NOK,ZAR,0.574974214678998
NOK,MXN,0.632659989654755
NOK,XPT,0.492876672402203
NOK,THB,0.351377195876493
NOK,MYR,0.368444088621181
NOK,INR,0.443991290767289
NOK,BRL,0.438263458615602
NOK,TWD,0.318545429213846
NOK,COP,0.537425952824705
NOK,JPY,0.118940518790174
NOK,CLP,0.377750319962133
NOK,PHP,0.31844186755395
NOK,ILS,0.24893761565991
NOK,RUB,0.575623675185902
NOK,IDR,0.235774228057065
NOK,TRY,0.226473718426005
NOK,PEN,0.236950281255183
NOK,HKD,-0.00271023414529647
NOK,SAR,0.124012441999499
NOK,ARS,-0.0730157127206695
NOK,PKR,-0.110113771692681
NZD,XDR,0.687932351171889
NZD,ESP,0.624695650615117
NZD,DEM,0.625150290176067
NZD,FIM,0.624918440664646
NZD,MTL,0.62487161273297
NZD,PTE,0.624869218421002
NZD,NLG,0.624636252942852
NZD,ATS,0.624734013185431
NZD,EUR,0.624868076820487
NZD,SIT,0.624437341958163
NZD,SKK,0.624729676041992
NZD,CYP,0.624809370217096
NZD,BEF,0.62484216070735
NZD,LUF,0.62484216070735
NZD,FRF,0.624760413004396
NZD,IEP,0.624776372081008
NZD,ITL,0.624826422986025
NZD,GRD,0.624588285817818
NZD,EEK,0.624363486028222
NZD,SEK,0.714240407836047
NZD,SGD,0.775497368880581
NZD,HRK,0.558708517746881
NZD,PLN,0.603953273413611
NZD,RON,0.560761442521423
NZD,DKK,0.547401350545267
NZD,BGN,0.545177414508433
NZD,CZK,0.587053426087151
NZD,AUD,0.896111765076271
NZD,NOK,0.725738506796894
NZD,NZD,1
NZD,HUF,0.534611102902822
NZD,CHF,0.472339919703793
NZD,GBP,0.690557003001757
NZD,CAD,0.707582198895501
NZD,KRW,0.596896047841585
NZD,ISK,0.402689162114191
NZD,CNY,0.418727521074803
NZD,ZAR,0.552417986972579
NZD,MXN,0.505982269652308
NZD,XPT,0.403668710305515
NZD,THB,0.423866337195591
NZD,MYR,0.396715290852024
NZD,INR,0.474723280782572
NZD,BRL,0.41478099795337
NZD,TWD,0.355935576185377
NZD,COP,0.406971207267905
NZD,JPY,0.264666335786268
NZD,CLP,0.399136416887106
NZD,PHP,0.311869001249663
NZD,ILS,0.312009844443156
NZD,RUB,0.415616306014053
NZD,IDR,0.251656662739783
NZD,TRY,0.283641348895884
NZD,PEN,0.22732882522426
NZD,HKD,0.111017681038998
NZD,SAR,0.0610914451315573
NZD,ARS,-0.125331432138639
NZD,PKR,-0.0932814988037662
HUF,XDR,0.677159476533631
HUF,ESP,0.672364898606848
HUF,DEM,0.672280628587866
HUF,FIM,0.672109533662171
HUF,MTL,0.672120117219481
HUF,PTE,0.671993672469193
HUF,NLG,0.672308812905503
HUF,ATS,0.672518514980041
HUF,EUR,0.672144781586253
HUF,SIT,0.672188485526346
HUF,SKK,0.672181502236729
HUF,CYP,0.672129739081173
HUF,BEF,0.672204866379914
HUF,LUF,0.672204866379914
HUF,FRF,0.672044117305378
HUF,IEP,0.672176608745939
HUF,ITL,0.672195759151374
HUF,GRD,0.672076128833555
HUF,EEK,0.67135607993242
HUF,SEK,0.602553475103686
HUF,SGD,0.597716758418796
HUF,HRK,0.747466124599311
HUF,PLN,0.807043688424531
HUF,RON,0.763397899259561
HUF,DKK,0.754639504723337
HUF,BGN,0.756392742610613
HUF,CZK,0.773974719690395
HUF,AUD,0.594377792742808
HUF,NOK,0.542201110587034
HUF,NZD,0.534611102902822
HUF,HUF,1
HUF,CHF,0.522329756193881
HUF,GBP,0.531637400601574
HUF,CAD,0.541433882087648
HUF,KRW,0.450112792069425
HUF,ISK,0.553426501511818
HUF,CNY,0.406373847478155
HUF,ZAR,0.396991219450077
HUF,MXN,0.418563347909784
HUF,XPT,0.423766578083853
HUF,THB,0.418877392070376
HUF,MYR,0.377359996703642
HUF,INR,0.289600303648783
HUF,BRL,0.311407116320065
HUF,TWD,0.320066682949402
HUF,COP,0.283684770234786
HUF,JPY,0.251572811596113
HUF,CLP,0.280635792499752
HUF,PHP,0.294430510521868
HUF,ILS,0.262620252134072
HUF,RUB,0.245057612335462
HUF,IDR,0.212774006917142
HUF,TRY,0.226199069535276
HUF,PEN,0.166554222091195
HUF,HKD,0.0789334285552774
HUF,SAR,0.02497684571931
HUF,ARS,-0.0914034066562634
HUF,PKR,-0.145239546525212
CHF,XDR,0.843924062852577
CHF,ESP,0.852058435626898
CHF,DEM,0.851873318089678
CHF,FIM,0.852096025124175
CHF,MTL,0.852124269631116
CHF,PTE,0.852061952003935
CHF,NLG,0.852328926494333
CHF,ATS,0.851819851147646
CHF,EUR,0.852151679691113
CHF,SIT,0.852055499044428
CHF,SKK,0.852048146973306
CHF,CYP,0.852081588703484
CHF,BEF,0.852111199502832
CHF,LUF,0.852111199502832
CHF,FRF,0.852156136769409
CHF,IEP,0.852030662320385
CHF,ITL,0.852003809593863
CHF,GRD,0.85219718877447
CHF,EEK,0.852069293274205
CHF,SEK,0.650562286586762
CHF,SGD,0.54474065935934
CHF,HRK,0.612557068452223
CHF,PLN,0.572877865676635
CHF,RON,0.617632451285906
CHF,DKK,0.62551966462582
CHF,BGN,0.624860992978917
CHF,CZK,0.529329865803213
CHF,AUD,0.469688183799318
CHF,NOK,0.452811818415326
CHF,NZD,0.472339919703793
CHF,HUF,0.522329756193881
CHF,CHF,1
CHF,GBP,0.481417775655978
CHF,CAD,0.346784199542651
CHF,KRW,0.272343813637564
CHF,ISK,0.430839236349621
CHF,CNY,0.373007916078631
CHF,ZAR,0.178098080555213
CHF,MXN,0.149916397193323
CHF,XPT,0.311332378140017
CHF,THB,0.220774700764982
CHF,MYR,0.214567646017309
CHF,INR,0.200123628855375
CHF,BRL,0.116744483096358
CHF,TWD,0.233021728048629
CHF,COP,0.0804757937603326
CHF,JPY,0.583024164339157
CHF,CLP,0.121768998176654
CHF,PHP,0.0855159158288917
CHF,ILS,0.145002648672871
CHF,RUB,-0.00142398931745758
CHF,IDR,0.174080595076025
CHF,TRY,0.0622442243789396
CHF,PEN,0.0944677583432164
CHF,HKD,0.187938682395307
CHF,SAR,0.0750188504031598
CHF,ARS,0.101104999054183
CHF,PKR,-0.0808328492133449
GBP,XDR,0.733064682303488
GBP,ESP,0.564948558894177
GBP,DEM,0.56475890708534
GBP,FIM,0.564961775788551
GBP,MTL,0.564741819987206
GBP,PTE,0.564844142725656
GBP,NLG,0.564873602465675
GBP,ATS,0.564643905896996
GBP,EUR,0.564939291026811
GBP,SIT,0.564937834981313
GBP,SKK,0.564709807436631
GBP,CYP,0.564750548582225
GBP,BEF,0.564570970798078
GBP,LUF,0.564570970798078
GBP,FRF,0.564898574019197
GBP,IEP,0.564810483254897
GBP,ITL,0.564663728982879
GBP,GRD,0.564414761608569
GBP,EEK,0.564597346536214
GBP,SEK,0.584562359537538
GBP,SGD,0.698313540751788
GBP,HRK,0.508033138376775
GBP,PLN,0.579683296430815
GBP,RON,0.511565474631185
GBP,DKK,0.503928767569507
GBP,BGN,0.500337365531118
GBP,CZK,0.601176204004482
GBP,AUD,0.7140299515822
GBP,NOK,0.62205307581142
GBP,NZD,0.690557003001757
GBP,HUF,0.531637400601574
GBP,CHF,0.481417775655978
GBP,GBP,1
GBP,CAD,0.616312729622314
GBP,KRW,0.480569136555261
GBP,ISK,0.391293823140904
GBP,CNY,0.391921298196275
GBP,ZAR,0.41618984518323
GBP,MXN,0.444707193001893
GBP,XPT,0.428855176471029
GBP,THB,0.362787002211144
GBP,MYR,0.400888409262902
GBP,INR,0.366323836617397
GBP,BRL,0.314261955247208
GBP,TWD,0.241067101984947
GBP,COP,0.307966357835899
GBP,JPY,0.358146701348965
GBP,CLP,0.291813825130526
GBP,PHP,0.277854397052728
GBP,ILS,0.333250716878333
GBP,RUB,0.286436081438097
GBP,IDR,0.291954809375992
GBP,TRY,0.166166136601038
GBP,PEN,0.237678599193216
GBP,HKD,0.12304799760663
GBP,SAR,0.00533522568842543
GBP,ARS,-0.0664008956110788
GBP,PKR,-0.129844968732922
CAD,XDR,0.536480475749596
CAD,ESP,0.487283461641517
CAD,DEM,0.487382942022199
CAD,FIM,0.487376654705677
CAD,MTL,0.4872388146844
CAD,PTE,0.487031082745531
CAD,NLG,0.487102237334006
CAD,ATS,0.487081781200741
CAD,EUR,0.487241632850455
CAD,SIT,0.487180578612225
CAD,SKK,0.487238294180252
CAD,CYP,0.487038877146178
CAD,BEF,0.487216045185972
CAD,LUF,0.487216045185972
CAD,FRF,0.48719299030542
CAD,IEP,0.487247217275353
CAD,ITL,0.487067743101039
CAD,GRD,0.487069853585661
CAD,EEK,0.486850531272141
CAD,SEK,0.631666971633093
CAD,SGD,0.665528580334408
CAD,HRK,0.507045480662472
CAD,PLN,0.592018065131824
CAD,RON,0.491020427747516
CAD,DKK,0.484330243112483
CAD,BGN,0.482265134711443
CAD,CZK,0.565940411752568
CAD,AUD,0.764822941020191
CAD,NOK,0.706612351455745
CAD,NZD,0.707582198895501
CAD,HUF,0.541433882087648
CAD,CHF,0.346784199542651
CAD,GBP,0.616312729622314
CAD,CAD,1
CAD,KRW,0.576198743752355
CAD,ISK,0.405658218554077
CAD,CNY,0.386278051437868
CAD,ZAR,0.507456590488687
CAD,MXN,0.61106665536617
CAD,XPT,0.426019636407685
CAD,THB,0.438537794166283
CAD,MYR,0.517875044473755
CAD,INR,0.481514301611373
CAD,BRL,0.444126912456432
CAD,TWD,0.304856837878866
CAD,COP,0.468687634498835
CAD,JPY,0.0691408278817699
CAD,CLP,0.366568012633124
CAD,PHP,0.356737233195946
CAD,ILS,0.392323372460885
CAD,RUB,0.549925333594152
CAD,IDR,0.261406981589696
CAD,TRY,0.222692642081178
CAD,PEN,0.26246008222827
CAD,HKD,0.0991498722795186
CAD,SAR,0.0652331493256165
CAD,ARS,-0.141877719474501
CAD,PKR,-0.140208902482112
KRW,XDR,0.448844458091373
KRW,ESP,0.39083780484753
KRW,DEM,0.390466706535294
KRW,FIM,0.390555965540167
KRW,MTL,0.390518172683926
KRW,PTE,0.390753171458421
KRW,NLG,0.390418645798868
KRW,ATS,0.390295384093138
KRW,EUR,0.390413400090801
KRW,SIT,0.390118040183355
KRW,SKK,0.390469106499704
KRW,CYP,0.390467391931208
KRW,BEF,0.390395433863587
KRW,LUF,0.390395433863587
KRW,FRF,0.390406444133097
KRW,IEP,0.390305419095766
KRW,ITL,0.390703606216242
KRW,GRD,0.390053035113585
KRW,EEK,0.390096534183947
KRW,SEK,0.543305723592104
KRW,SGD,0.747654183177709
KRW,HRK,0.406734584106116
KRW,PLN,0.468470223653635
KRW,RON,0.408124933314696
KRW,DKK,0.386220221658252
KRW,BGN,0.384876034789004
KRW,CZK,0.477250828606911
KRW,AUD,0.65831911662499
KRW,NOK,0.590742043145044
KRW,NZD,0.596896047841585
KRW,HUF,0.450112792069425
KRW,CHF,0.272343813637564
KRW,GBP,0.480569136555261
KRW,CAD,0.576198743752355
KRW,KRW,1
KRW,ISK,0.298426848537062
KRW,CNY,0.502192448634393
KRW,ZAR,0.543343295215675
KRW,MXN,0.607862508224874
KRW,XPT,0.453668524881296
KRW,THB,0.509614052433127
KRW,MYR,0.471611887082296
KRW,INR,0.464840287427412
KRW,BRL,0.435544876241423
KRW,TWD,0.614311620924442
KRW,COP,0.464927439611798
KRW,JPY,0.0300087193633479
KRW,CLP,0.443147779632888
KRW,PHP,0.419404327983649
KRW,ILS,0.363332317712357
KRW,RUB,0.524623949060959
KRW,IDR,0.324634040935094
KRW,TRY,0.286444703858776
KRW,PEN,0.276842194434768
KRW,HKD,0.0422243465730716
KRW,SAR,-0.0266835621143535
KRW,ARS,-0.148307068659373
KRW,PKR,-0.178400624277531
ISK,XDR,0.530562286697923
ISK,ESP,0.549834294739947
ISK,DEM,0.549598430978383
ISK,FIM,0.549692118631192
ISK,MTL,0.549747661082395
ISK,PTE,0.549455911791171
ISK,NLG,0.549544880877664
ISK,ATS,0.549736234885691
ISK,EUR,0.549711718804835
ISK,SIT,0.549815104850574
ISK,SKK,0.54960341869198
ISK,CYP,0.549746887520319
ISK,BEF,0.549482861032987
ISK,LUF,0.549482861032987
ISK,FRF,0.549621082785351
ISK,IEP,0.54965660022595
ISK,ITL,0.549654279059913
ISK,GRD,0.54962071429353
ISK,EEK,0.549466637113662
ISK,SEK,0.46480842085666
ISK,SGD,0.436498973029226
ISK,HRK,0.668805869041863
ISK,PLN,0.594466425638151
ISK,RON,0.664498263424253
ISK,DKK,0.671876477503857
ISK,BGN,0.672149914479104
ISK,CZK,0.559376237953585
ISK,AUD,0.446811189660025
ISK,NOK,0.395975008750573
ISK,NZD,0.402689162114191
ISK,HUF,0.553426501511818
ISK,CHF,0.430839236349621
ISK,GBP,0.391293823140904
ISK,CAD,0.405658218554077
ISK,KRW,0.298426848537062
ISK,ISK,1
ISK,CNY,0.262421595207005
ISK,ZAR,0.208200520227773
ISK,MXN,0.226393803131297
ISK,XPT,0.331957665692739
ISK,THB,0.346638999827883
ISK,MYR,0.360579650194721
ISK,INR,0.153092366947587
ISK,BRL,0.214802403343851
ISK,TWD,0.159434159038963
ISK,COP,0.152253974891783
ISK,JPY,0.183269909953831
ISK,CLP,0.0819566648133981
ISK,PHP,0.27951585586794
ISK,ILS,0.346478453416745
ISK,RUB,0.118523121102586
ISK,IDR,0.150121762009592
ISK,TRY,0.0938230960388708
ISK,PEN,0.014418127717156
ISK,HKD,0.0961592308093022
ISK,SAR,0.0454408361031149
ISK,ARS,-0.0494186533770851
ISK,PKR,-0.083240946648036
CNY,XDR,0.551475099319
CNY,ESP,0.425053128112542
CNY,DEM,0.424964192135594
CNY,FIM,0.42504538523425
CNY,MTL,0.425043795806907
CNY,PTE,0.424819023134207
CNY,NLG,0.424877916182269
CNY,ATS,0.424156549492377
CNY,EUR,0.424808745765056
CNY,SIT,0.424857417717955
CNY,SKK,0.424876276252702
CNY,CYP,0.424897736075174
CNY,BEF,0.424987151150115
CNY,LUF,0.424987151150115
CNY,FRF,0.424855207737725
CNY,IEP,0.424758005373957
CNY,ITL,0.424978828405767
CNY,GRD,0.424426717714845
CNY,EEK,0.424112504757431
CNY,SEK,0.458682006088644
CNY,SGD,0.597333112460477
CNY,HRK,0.381171464574809
CNY,PLN,0.40317083154441
CNY,RON,0.377616739268946
CNY,DKK,0.366794004244338
CNY,BGN,0.368173040683073
CNY,CZK,0.408982276934302
CNY,AUD,0.436411601330983
CNY,NOK,0.462079932340049
CNY,NZD,0.418727521074803
CNY,HUF,0.406373847478155
CNY,CHF,0.373007916078631
CNY,GBP,0.391921298196275
CNY,CAD,0.386278051437868
CNY,KRW,0.502192448634393
CNY,ISK,0.262421595207005
CNY,CNY,1
CNY,ZAR,0.351340675976911
CNY,MXN,0.376457534150998
CNY,XPT,0.362695906107722
CNY,THB,0.343794129436554
CNY,MYR,0.340576233817503
CNY,INR,0.388322201304465
CNY,BRL,0.251986143118514
CNY,TWD,0.43201504468637
CNY,COP,0.341043516618777
CNY,JPY,0.171279262796086
CNY,CLP,0.273037229030187
CNY,PHP,0.261014325231292
CNY,ILS,0.149425104508477
CNY,RUB,0.315402922103813
CNY,IDR,0.228903262219939
CNY,TRY,0.205105505426829
CNY,PEN,0.18735570365652
CNY,HKD,0.0869999467957222
CNY,SAR,0.064267395797909
CNY,ARS,-0.151540135655771
CNY,PKR,-0.127076026279651
ZAR,XDR,0.361773884519038
ZAR,ESP,0.324031231338974
ZAR,DEM,0.324167372671891
ZAR,FIM,0.324015165859553
ZAR,MTL,0.323898974989576
ZAR,PTE,0.324003868774091
ZAR,NLG,0.323860541279825
ZAR,ATS,0.323478137013625
ZAR,EUR,0.323862152314365
ZAR,SIT,0.323936585106251
ZAR,SKK,0.323782282549634
ZAR,CYP,0.323867930341294
ZAR,BEF,0.32379020439958
ZAR,LUF,0.32379020439958
ZAR,FRF,0.323751019237747
ZAR,IEP,0.323672235241604
ZAR,ITL,0.32392691447663
ZAR,GRD,0.323497199995926
ZAR,EEK,0.323377701538682
ZAR,SEK,0.479651947136433
ZAR,SGD,0.555707918679789
ZAR,HRK,0.314048496877933
ZAR,PLN,0.396999042677481
ZAR,RON,0.299968109807609
ZAR,DKK,0.28607751570223
ZAR,BGN,0.284128529092415
ZAR,CZK,0.465110320297469
ZAR,AUD,0.561030538187246
ZAR,NOK,0.574974214678998
ZAR,NZD,0.552417986972579
ZAR,HUF,0.396991219450077
ZAR,CHF,0.178098080555213
ZAR,GBP,0.41618984518323
ZAR,CAD,0.507456590488687
ZAR,KRW,0.543343295215675
ZAR,ISK,0.208200520227773
ZAR,CNY,0.351340675976911
ZAR,ZAR,1
ZAR,MXN,0.720544236977135
ZAR,XPT,0.355522549383017
ZAR,THB,0.317113355692778
ZAR,MYR,0.292906025929855
ZAR,INR,0.449823667778399
ZAR,BRL,0.592934084361198
ZAR,TWD,0.340263335887912
ZAR,COP,0.545565051994162
ZAR,JPY,-0.0129283078651114
ZAR,CLP,0.520763499555335
ZAR,PHP,0.304364338056904
ZAR,ILS,0.249854191337749
ZAR,RUB,0.538982652182008
ZAR,IDR,0.206722023593038
ZAR,TRY,0.302043972846877
ZAR,PEN,0.289775850726984
ZAR,HKD,-0.0383315388340491
ZAR,SAR,-0.00853578324722809
ZAR,ARS,-0.0351094512623342
ZAR,PKR,-0.00671713031419086
MXN,XDR,0.333450347163368
MXN,ESP,0.284158606430964
MXN,DEM,0.283438863962575
MXN,FIM,0.284038604203353
MXN,MTL,0.283767873886045
MXN,PTE,0.283574769718003
MXN,NLG,0.284041378495873
MXN,ATS,0.283496058173952
MXN,EUR,0.283692924235367
MXN,SIT,0.283905478235123
MXN,SKK,0.283869751697208
MXN,CYP,0.283689764733458
MXN,BEF,0.283783037053594
MXN,LUF,0.283783037053594
MXN,FRF,0.283662875364731
MXN,IEP,0.283733286405532
MXN,ITL,0.28358171332059
MXN,GRD,0.2836511941372
MXN,EEK,0.283482574730327
MXN,SEK,0.473085579563952
MXN,SGD,0.567969518278921
MXN,HRK,0.287137261921913
MXN,PLN,0.414350816515989
MXN,RON,0.26420923391689
MXN,DKK,0.245338453880981
MXN,BGN,0.242826871012769
MXN,CZK,0.474005213360268
MXN,AUD,0.552920219977034
MXN,NOK,0.632659989654755
MXN,NZD,0.505982269652308
MXN,HUF,0.418563347909784
MXN,CHF,0.149916397193323
MXN,GBP,0.444707193001893
MXN,CAD,0.61106665536617
MXN,KRW,0.607862508224874
MXN,ISK,0.226393803131297
MXN,CNY,0.376457534150998
MXN,ZAR,0.720544236977135
MXN,MXN,1
MXN,XPT,0.39955342321639
MXN,THB,0.333670338537602
MXN,MYR,0.370544903664848
MXN,INR,0.471101443865816
MXN,BRL,0.608397259973733
MXN,TWD,0.34084061958445
MXN,COP,0.643306070878192
MXN,JPY,-0.060817043344904
MXN,CLP,0.466455103113058
MXN,PHP,0.316434213301858
MXN,ILS,0.288309403838823
MXN,RUB,0.634745591628805
MXN,IDR,0.294301634318064
MXN,TRY,0.303560345713638
MXN,PEN,0.34552171778614
MXN,HKD,-0.0724511118909458
MXN,SAR,-0.00733823345015099
MXN,ARS,-0.0979392646994175
MXN,PKR,-0.110755250396691
XPT,XDR,0.403708634764715
XPT,ESP,0.356342045293757
XPT,DEM,0.355942872268952
XPT,FIM,0.356469157188307
XPT,MTL,0.356216023287017
XPT,PTE,0.356119317771584
XPT,NLG,0.356460348345883
XPT,ATS,0.356374386804529
XPT,EUR,0.356260665217714
XPT,SIT,0.356356995577921
XPT,SKK,0.356204765309721
XPT,CYP,0.356325861947776
XPT,BEF,0.356397147436097
XPT,LUF,0.356397147436097
XPT,FRF,0.356261065565172
XPT,IEP,0.356241451796164
XPT,ITL,0.356654916889018
XPT,GRD,0.356101605615085
XPT,EEK,0.355920799975002
XPT,SEK,0.397317185150341
XPT,SGD,0.471876369376498
XPT,HRK,0.355307080502267
XPT,PLN,0.43157658347296
XPT,RON,0.337289461375875
XPT,DKK,0.32993543076584
XPT,BGN,0.328152043330284
XPT,CZK,0.465225624225921
XPT,AUD,0.5048450091256
XPT,NOK,0.492876672402203
XPT,NZD,0.403668710305515
XPT,HUF,0.423766578083853
XPT,CHF,0.311332378140017
XPT,GBP,0.428855176471029
XPT,CAD,0.426019636407685
XPT,KRW,0.453668524881296
XPT,ISK,0.331957665692739
XPT,CNY,0.362695906107722
XPT,ZAR,0.355522549383017
XPT,MXN,0.39955342321639
XPT,XPT,1
XPT,THB,0.300592703403201
XPT,MYR,0.232202220065673
XPT,INR,0.297932619859377
XPT,BRL,0.300943910285417
XPT,TWD,0.20933899084624
XPT,COP,0.366742100083928
XPT,JPY,0.0703482480567242
XPT,CLP,0.307864536108719
XPT,PHP,0.179620778085534
XPT,ILS,0.211348632385133
XPT,RUB,0.351083896851064
XPT,IDR,0.19825935745117
XPT,TRY,0.213256392951606
XPT,PEN,0.172469851053907
XPT,HKD,-0.132245722403393
XPT,SAR,0.0444279416966641
XPT,ARS,-0.0455972997571902
XPT,PKR,-0.0833525325622853
THB,XDR,0.34454538501214
THB,ESP,0.291562153716903
THB,DEM,0.29148476515968
THB,FIM,0.291165173497932
THB,MTL,0.290919339807409
THB,PTE,0.291382083228824
THB,NLG,0.29127299039775
THB,ATS,0.290594122821734
THB,EUR,0.29115595455839
THB,SIT,0.291148158240034
THB,SKK,0.291141220302565
THB,CYP,0.291065083450995
THB,BEF,0.290896003876656
THB,LUF,0.290896003876656
THB,FRF,0.291091288084174
THB,IEP,0.291103134151955
THB,ITL,0.290750001890182
THB,GRD,0.290965857436872
THB,EEK,0.290884873656017
THB,SEK,0.337310650210434
THB,SGD,0.505072614222368
THB,HRK,0.504977843866523
THB,PLN,0.480200811555996
THB,RON,0.509979847336505
THB,DKK,0.502572519421632
THB,BGN,0.501835170454251
THB,CZK,0.485166246405653
THB,AUD,0.485133692376554
THB,NOK,0.351377195876493
THB,NZD,0.423866337195591
THB,HUF,0.418877392070376
THB,CHF,0.220774700764982
THB,GBP,0.362787002211144
THB,CAD,0.438537794166283
THB,KRW,0.509614052433127
THB,ISK,0.346638999827883
THB,CNY,0.343794129436554
THB,ZAR,0.317113355692778
THB,MXN,0.333670338537602
THB,XPT,0.300592703403201
THB,THB,1
THB,MYR,0.649593117965189
THB,INR,0.298715193593421
THB,BRL,0.252051633748927
THB,TWD,0.315364882785687
THB,COP,0.187027110638888
THB,JPY,0.0832926149705126
THB,CLP,0.187520164851343
THB,PHP,0.6525756321331
THB,ILS,0.425226086005693
THB,RUB,0.25778844635868
THB,IDR,0.168229428554356
THB,TRY,0.217908676259271
THB,PEN,0.135083239405293
THB,HKD,-0.0160987422108078
THB,SAR,-0.0363898242646839
THB,ARS,-0.123597984090251
THB,PKR,-0.114374557957653
MYR,XDR,0.351940008348949
MYR,ESP,0.288268352882234
MYR,DEM,0.288199910325919
MYR,FIM,0.288262384074475
MYR,MTL,0.288224004679422
MYR,PTE,0.288334919090172
MYR,NLG,0.28852864548024
MYR,ATS,0.287673685140415
MYR,EUR,0.28820588973056
MYR,SIT,0.288243153313073
MYR,SKK,0.288174291012572
MYR,CYP,0.288060766348071
MYR,BEF,0.288055441976504
MYR,LUF,0.288055441976504
MYR,FRF,0.288181319300845
MYR,IEP,0.288235036105874
MYR,ITL,0.288014044644503
MYR,GRD,0.287864055360255
MYR,EEK,0.287949490541056
MYR,SEK,0.356542705574729
MYR,SGD,0.507952415030792
MYR,HRK,0.474379841778153
MYR,PLN,0.46021047870955
MYR,RON,0.474429363662856
MYR,DKK,0.461038137368955
MYR,BGN,0.462485829172679
MYR,CZK,0.473833860055886
MYR,AUD,0.472783589215508
MYR,NOK,0.368444088621181
MYR,NZD,0.396715290852024
MYR,HUF,0.377359996703642
MYR,CHF,0.214567646017309
MYR,GBP,0.400888409262902
MYR,CAD,0.517875044473755
MYR,KRW,0.471611887082296
MYR,ISK,0.360579650194721
MYR,CNY,0.340576233817503
MYR,ZAR,0.292906025929855
MYR,MXN,0.370544903664848
MYR,XPT,0.232202220065673
MYR,THB,0.649593117965189
MYR,MYR,1
MYR,INR,0.262966686490944
MYR,BRL,0.225967272700066
MYR,TWD,0.265946713835389
MYR,COP,0.238353137502068
MYR,JPY,0.105244529165113
MYR,CLP,0.195527575585691
MYR,PHP,0.628815991613077
MYR,ILS,0.466153571592548
MYR,RUB,0.274280180518353
MYR,IDR,0.302460113477763
MYR,TRY,0.168607285656171
MYR,PEN,0.204713304025811
MYR,HKD,0.000455977363357037
MYR,SAR,0.00845861485715903
MYR,ARS,-0.181003526865739
MYR,PKR,-0.169184768060521
INR,XDR,0.34090619810193
INR,ESP,0.297152102567526
INR,DEM,0.296755860692469
INR,FIM,0.296710042583828
INR,MTL,0.296828613534766
INR,PTE,0.296790345385134
INR,NLG,0.296619896840879
INR,ATS,0.296741488691822
INR,EUR,0.296699486477702
INR,SIT,0.296938571904574
INR,SKK,0.296833400708189
INR,CYP,0.296650517573221
INR,BEF,0.296692671126238
INR,LUF,0.296692671126238
INR,FRF,0.296649512412335
INR,IEP,0.296722585374491
INR,ITL,0.296498761924452
INR,GRD,0.296543831339139
INR,EEK,0.296584120110682
INR,SEK,0.396403829701515
INR,SGD,0.522984952260566
INR,HRK,0.244827745224169
INR,PLN,0.317655025576079
INR,RON,0.253230180894126
INR,DKK,0.234695039764784
INR,BGN,0.234823287144688
INR,CZK,0.334673942411354
INR,AUD,0.467289101762997
INR,NOK,0.443991290767289
INR,NZD,0.474723280782572
INR,HUF,0.289600303648783
INR,CHF,0.200123628855375
INR,GBP,0.366323836617397
INR,CAD,0.481514301611373
INR,KRW,0.464840287427412
INR,ISK,0.153092366947587
INR,CNY,0.388322201304465
INR,ZAR,0.449823667778399
INR,MXN,0.471101443865816
INR,XPT,0.297932619859377
INR,THB,0.298715193593421
INR,MYR,0.262966686490944
INR,INR,1
INR,BRL,0.322554269088041
INR,TWD,0.234227825092588
INR,COP,0.358647813091581
INR,JPY,0.00696352269228437
INR,CLP,0.283859344348601
INR,PHP,0.298708631715424
INR,ILS,0.182736403844113
INR,RUB,0.399168867747319
INR,IDR,0.263500592711186
INR,TRY,0.18500023258321
INR,PEN,0.208347678880303
INR,HKD,-0.0301382214508835
INR,SAR,-0.0396338979236545
INR,ARS,-0.12070471797392
INR,PKR,-0.160494072141737
BRL,XDR,0.265856846251061
BRL,ESP,0.259641609408342
BRL,DEM,0.259260223562787
BRL,FIM,0.259596010607549
BRL,MTL,0.259531638213425
BRL,PTE,0.259297954034164
BRL,NLG,0.259370873277632
BRL,ATS,0.259545178872049
BRL,EUR,0.259311197445266
BRL,SIT,0.259321213017954
BRL,SKK,0.259481761313208
BRL,CYP,0.259293228064137
BRL,BEF,0.259321619514023
BRL,LUF,0.259321619514023
BRL,FRF,0.259189580967003
BRL,IEP,0.259273024839567
BRL,ITL,0.25909185697491
BRL,GRD,0.259203365336814
BRL,EEK,0.25907564782222
BRL,SEK,0.358086074984512
BRL,SGD,0.396334316225422
BRL,HRK,0.228541112565213
BRL,PLN,0.303176986368926
BRL,RON,0.212835682599794
BRL,DKK,0.205056532230983
BRL,BGN,0.204316325555962
BRL,CZK,0.364382368340967
BRL,AUD,0.409369193011385
BRL,NOK,0.438263458615602
BRL,NZD,0.41478099795337
BRL,HUF,0.311407116320065
BRL,CHF,0.116744483096358
BRL,GBP,0.314261955247208
BRL,CAD,0.444126912456432
BRL,KRW,0.435544876241423
BRL,ISK,0.214802403343851
BRL,CNY,0.251986143118514
BRL,ZAR,0.592934084361198
BRL,MXN,0.608397259973733
BRL,XPT,0.300943910285417
BRL,THB,0.252051633748927
BRL,MYR,0.225967272700066
BRL,INR,0.322554269088041
BRL,BRL,1
BRL,TWD,0.230251339201659
BRL,COP,0.558639561430964
BRL,JPY,-0.0859333233020127
BRL,CLP,0.476733943869248
BRL,PHP,0.231613881469317
BRL,ILS,0.249059931122494
BRL,RUB,0.462537913847273
BRL,IDR,0.222414751175103
BRL,TRY,0.253561671917189
BRL,PEN,0.286244712960885
BRL,HKD,-0.120183314069089
BRL,SAR,0.0660259417200009
BRL,ARS,0.0204431999612838
BRL,PKR,0.0403614345323281
TWD,XDR,0.334156321898328
TWD,ESP,0.305630901468708
TWD,DEM,0.305910873787254
TWD,FIM,0.305922650740234
TWD,MTL,0.305936353967728
TWD,PTE,0.306055677075979
TWD,NLG,0.305860988007438
TWD,ATS,0.306102110509286
TWD,EUR,0.305735734309676
TWD,SIT,0.305678312639606
TWD,SKK,0.305964821524981
TWD,CYP,0.305828549148817
TWD,BEF,0.305722302650137
TWD,LUF,0.305722302650137
TWD,FRF,0.305886364969319
TWD,IEP,0.305719367281049
TWD,ITL,0.305852583414871
TWD,GRD,0.305688917888196
TWD,EEK,0.305466008381052
TWD,SEK,0.370978255115477
TWD,SGD,0.4826139916014
TWD,HRK,0.285191138020582
TWD,PLN,0.311876366009173
TWD,RON,0.28928876187741
TWD,DKK,0.274122420263814
TWD,BGN,0.273100393346503
TWD,CZK,0.293267337666488
TWD,AUD,0.395331562391215
TWD,NOK,0.318545429213846
TWD,NZD,0.355935576185377
TWD,HUF,0.320066682949402
TWD,CHF,0.233021728048629
TWD,GBP,0.241067101984947
TWD,CAD,0.304856837878866
TWD,KRW,0.614311620924442
TWD,ISK,0.159434159038963
TWD,CNY,0.43201504468637
TWD,ZAR,0.340263335887912
TWD,MXN,0.34084061958445
TWD,XPT,0.20933899084624
TWD,THB,0.315364882785687
TWD,MYR,0.265946713835389
TWD,INR,0.234227825092588
TWD,BRL,0.230251339201659
TWD,TWD,1
TWD,COP,0.275023351779095
TWD,JPY,0.0614024123776773
TWD,CLP,0.322584162988978
TWD,PHP,0.227114921452273
TWD,ILS,0.143448839138033
TWD,RUB,0.263483721212344
TWD,IDR,0.173582586282323
TWD,TRY,0.142662502813873
TWD,PEN,0.164594532790905
TWD,HKD,0.0750109461942924
TWD,SAR,0.0599067924936623
TWD,ARS,-0.0353598528939723
TWD,PKR,-0.0871563412659161
COP,XDR,0.220839020976296
COP,ESP,0.21222401015299
COP,DEM,0.21203868305806
COP,FIM,0.212377707085364
COP,MTL,0.212363127967826
COP,PTE,0.211645382823521
COP,NLG,0.212336110253295
COP,ATS,0.212122521481361
COP,EUR,0.212168926193717
COP,SIT,0.212633272736285
COP,SKK,0.211942328902811
COP,CYP,0.212338185644326
COP,BEF,0.212355525853776
COP,LUF,0.212355525853776
COP,FRF,0.212136419503185
COP,IEP,0.21210277817896
COP,ITL,0.212182776572849
COP,GRD,0.211840919469893
COP,EEK,0.212182972780839
COP,SEK,0.377054295812998
COP,SGD,0.428238673019425
COP,HRK,0.178138657140792
COP,PLN,0.253886913002296
COP,RON,0.146836870120113
COP,DKK,0.125740172425284
COP,BGN,0.124294859869221
COP,CZK,0.317518092817875
COP,AUD,0.415587472016177
COP,NOK,0.537425952824705
COP,NZD,0.406971207267905
COP,HUF,0.283684770234786
COP,CHF,0.0804757937603326
COP,GBP,0.307966357835899
COP,CAD,0.468687634498835
COP,KRW,0.464927439611798
COP,ISK,0.152253974891783
COP,CNY,0.341043516618777
COP,ZAR,0.545565051994162
COP,MXN,0.643306070878192
COP,XPT,0.366742100083928
COP,THB,0.187027110638888
COP,MYR,0.238353137502068
COP,INR,0.358647813091581
COP,BRL,0.558639561430964
COP,TWD,0.275023351779095
COP,COP,1
COP,JPY,-0.217233909466656
COP,CLP,0.505455338539595
COP,PHP,0.231392589650412
COP,ILS,0.178959861901526
COP,RUB,0.597226985843118
COP,IDR,0.221936599543637
COP,TRY,0.264367202642004
COP,PEN,0.385428248510464
COP,HKD,-0.100783319423752
COP,SAR,0.0742107793836113
COP,ARS,5.92811863331889e-05
COP,PKR,0.0164931074515859
JPY,XDR,0.616184789386309
JPY,ESP,0.481586640282543
JPY,DEM,0.481758587260289
JPY,FIM,0.481659224024986
JPY,MTL,0.481816412856946
JPY,PTE,0.48214962571598
JPY,NLG,0.481877831569335
JPY,ATS,0.481564672264692
JPY,EUR,0.481846968217709
JPY,SIT,0.481261058140246
JPY,SKK,0.481706024587627
JPY,CYP,0.481728105829717
JPY,BEF,0.481585542531479
JPY,LUF,0.481585542531479
JPY,FRF,0.481752009795108
JPY,IEP,0.481666962589782
JPY,ITL,0.481614717846766
JPY,GRD,0.481683917095693
JPY,EEK,0.481865979552398
JPY,SEK,0.290074070645842
JPY,SGD,0.305882590226397
JPY,HRK,0.352700706147913
JPY,PLN,0.299785997988701
JPY,RON,0.37901859511058
JPY,DKK,0.386939740030227
JPY,BGN,0.386861835204421
JPY,CZK,0.277194313370792
JPY,AUD,0.255590310213313
JPY,NOK,0.118940518790174
JPY,NZD,0.264666335786268
JPY,HUF,0.251572811596113
JPY,CHF,0.583024164339157
JPY,GBP,0.358146701348965
JPY,CAD,0.0691408278817699
JPY,KRW,0.0300087193633479
JPY,ISK,0.183269909953831
JPY,CNY,0.171279262796086
JPY,ZAR,-0.0129283078651114
JPY,MXN,-0.060817043344904
JPY,XPT,0.0703482480567242
JPY,THB,0.0832926149705126
JPY,MYR,0.105244529165113
JPY,INR,0.00696352269228437
JPY,BRL,-0.0859333233020127
JPY,TWD,0.0614024123776773
JPY,COP,-0.217233909466656
JPY,JPY,1
JPY,CLP,-0.0943212354430069
JPY,PHP,-0.0391396585443768
JPY,ILS,0.0209883267252859
JPY,RUB,-0.263104428967596
JPY,IDR,0.0183591033089471
JPY,TRY,-0.0151075633048133
JPY,PEN,0.00748241195733397
JPY,HKD,0.278748052912629
JPY,SAR,0.0414165626145908
JPY,ARS,0.0183380535896995
JPY,PKR,-0.0738757595606045
CLP,XDR,0.231730580991233
CLP,ESP,0.212638880276125
CLP,DEM,0.212270113994219
CLP,FIM,0.212457660318861
CLP,MTL,0.212354796829412
CLP,PTE,0.211974284861247
CLP,NLG,0.212209462505371
CLP,ATS,0.212596131596956
CLP,EUR,0.212165820538412
CLP,SIT,0.212051788832282
CLP,SKK,0.212066173127271
CLP,CYP,0.212189988734635
CLP,BEF,0.212399147930794
CLP,LUF,0.212399147930794
CLP,FRF,0.212030920950434
CLP,IEP,0.212017941170223
CLP,ITL,0.212231291127491
CLP,GRD,0.211953005466085
CLP,EEK,0.21161992611619
CLP,SEK,0.359622260312367
CLP,SGD,0.39573148527985
CLP,HRK,0.207559915615348
CLP,PLN,0.236950711536684
CLP,RON,0.172136338655334
CLP,DKK,0.164699725518722
CLP,BGN,0.161897458001204
CLP,CZK,0.271721617292196
CLP,AUD,0.415125681927128
CLP,NOK,0.377750319962133
CLP,NZD,0.399136416887106
CLP,HUF,0.280635792499752
CLP,CHF,0.121768998176654
CLP,GBP,0.291813825130526
CLP,CAD,0.366568012633124
CLP,KRW,0.443147779632888
CLP,ISK,0.0819566648133981
CLP,CNY,0.273037229030187
CLP,ZAR,0.520763499555335
CLP,MXN,0.466455103113058
CLP,XPT,0.307864536108719
CLP,THB,0.187520164851343
CLP,MYR,0.195527575585691
CLP,INR,0.283859344348601
CLP,BRL,0.476733943869248
CLP,TWD,0.322584162988978
CLP,COP,0.505455338539595
CLP,JPY,-0.0943212354430069
CLP,CLP,1
CLP,PHP,0.238122729373379
CLP,ILS,0.197910822121921
CLP,RUB,0.413396795957214
CLP,IDR,0.181303079041202
CLP,TRY,0.24780000393829
CLP,PEN,0.372459190909052
CLP,HKD,-0.0712235858176726
CLP,SAR,-0.0344324355119105
CLP,ARS,-0.0445061335222734
CLP,PKR,-0.0118648275724003
PHP,XDR,0.207770476074052
PHP,ESP,0.169854024814919
PHP,DEM,0.169867784634303
PHP,FIM,0.16947750576978
PHP,MTL,0.16939858170441
PHP,PTE,0.16981112815645
PHP,NLG,0.169435353459579
PHP,ATS,0.168965167226264
PHP,EUR,0.169489462215865
PHP,SIT,0.169874295167046
PHP,SKK,0.169461425864982
PHP,CYP,0.169361737344776
PHP,BEF,0.169176387504873
PHP,LUF,0.169176387504873
PHP,FRF,0.169515285577755
PHP,IEP,0.169405303674689
PHP,ITL,0.169119956568569
PHP,GRD,0.169443083914585
PHP,EEK,0.169070498050228
PHP,SEK,0.255274898295729
PHP,SGD,0.353695042953205
PHP,HRK,0.395933042217931
PHP,PLN,0.341291813448285
PHP,RON,0.395417520683743
PHP,DKK,0.389482329822986
PHP,BGN,0.388702432615638
PHP,CZK,0.412108320412609
PHP,AUD,0.401015314303168
PHP,NOK,0.31844186755395
PHP,NZD,0.311869001249663
PHP,HUF,0.294430510521868
PHP,CHF,0.0855159158288917
PHP,GBP,0.277854397052728
PHP,CAD,0.356737233195946
PHP,KRW,0.419404327983649
PHP,ISK,0.27951585586794
PHP,CNY,0.261014325231292
PHP,ZAR,0.304364338056904
PHP,MXN,0.316434213301858
PHP,XPT,0.179620778085534
PHP,THB,0.6525756321331
PHP,MYR,0.628815991613077
PHP,INR,0.298708631715424
PHP,BRL,0.231613881469317
PHP,TWD,0.227114921452273
PHP,COP,0.231392589650412
PHP,JPY,-0.0391396585443768
PHP,CLP,0.238122729373379
PHP,PHP,1
PHP,ILS,0.501428804646058
PHP,RUB,0.235916878692014
PHP,IDR,0.0612752788698948
PHP,TRY,0.103212286818621
PHP,PEN,0.155618260985987
PHP,HKD,-0.111718681280944
PHP,SAR,-0.0136134044207142
PHP,ARS,-0.183147918975379
PHP,PKR,-0.0485167401967289
ILS,XDR,0.234781967091815
ILS,ESP,0.196487653858074
ILS,DEM,0.196116767667045
ILS,FIM,0.19628760073191
ILS,MTL,0.196247089451984
ILS,PTE,0.196067231052354
ILS,NLG,0.196266194792909
ILS,ATS,0.19658113568655
ILS,EUR,0.196222434106846
ILS,SIT,0.196193756714749
ILS,SKK,0.196197241289658
ILS,CYP,0.19609295471254
ILS,BEF,0.195947472231272
ILS,LUF,0.195947472231272
ILS,FRF,0.196202935084997
ILS,IEP,0.196154574482691
ILS,ITL,0.19590242432816
ILS,GRD,0.195971284098623
ILS,EEK,0.195971477391665
ILS,SEK,0.279716683931793
ILS,SGD,0.336503276818153
ILS,HRK,0.348667768232919
ILS,PLN,0.355167084350308
ILS,RON,0.354102983152093
ILS,DKK,0.350424888029826
ILS,BGN,0.345985072591664
ILS,CZK,0.372446436669345
ILS,AUD,0.423217872856956
ILS,NOK,0.24893761565991
ILS,NZD,0.312009844443156
ILS,HUF,0.262620252134072
ILS,CHF,0.145002648672871
ILS,GBP,0.333250716878333
ILS,CAD,0.392323372460885
ILS,KRW,0.363332317712357
ILS,ISK,0.346478453416745
ILS,CNY,0.149425104508477
ILS,ZAR,0.249854191337749
ILS,MXN,0.288309403838823
ILS,XPT,0.211348632385133
ILS,THB,0.425226086005693
ILS,MYR,0.466153571592548
ILS,INR,0.182736403844113
ILS,BRL,0.249059931122494
ILS,TWD,0.143448839138033
ILS,COP,0.178959861901526
ILS,JPY,0.0209883267252859
ILS,CLP,0.197910822121921
ILS,PHP,0.501428804646058
ILS,ILS,1
ILS,RUB,0.194684482056767
ILS,IDR,0.113220062817842
ILS,TRY,0.127141507423656
ILS,PEN,0.170976976331294
ILS,HKD,0.0342615697958731
ILS,SAR,-0.12496192419791
ILS,ARS,-0.104508780409895
ILS,PKR,-0.0972876271186442
RUB,XDR,0.143763675952056
RUB,ESP,0.124602669005909
RUB,DEM,0.124066071834394
RUB,FIM,0.124182634124855
RUB,MTL,0.124128009776394
RUB,PTE,0.124133698192435
RUB,NLG,0.124008228615036
RUB,ATS,0.12432076661518
RUB,EUR,0.123898244537098
RUB,SIT,0.124030577734631
RUB,SKK,0.123944661670774
RUB,CYP,0.123931998739026
RUB,BEF,0.124048066689448
RUB,LUF,0.124048066689448
RUB,FRF,0.1238594440364
RUB,IEP,0.123863406027091
RUB,ITL,0.124241285282226
RUB,GRD,0.123733427262358
RUB,EEK,0.124250031093819
RUB,SEK,0.402557400310301
RUB,SGD,0.455151723784193
RUB,HRK,0.162706634670302
RUB,PLN,0.239503316147751
RUB,RON,0.120004634395358
RUB,DKK,0.10060551994691
RUB,BGN,0.100249178157594
RUB,CZK,0.249729580730257
RUB,AUD,0.474771510096315
RUB,NOK,0.575623675185902
RUB,NZD,0.415616306014053
RUB,HUF,0.245057612335462
RUB,CHF,-0.00142398931745758
RUB,GBP,0.286436081438097
RUB,CAD,0.549925333594152
RUB,KRW,0.524623949060959
RUB,ISK,0.118523121102586
RUB,CNY,0.315402922103813
RUB,ZAR,0.538982652182008
RUB,MXN,0.634745591628805
RUB,XPT,0.351083896851064
RUB,THB,0.25778844635868
RUB,MYR,0.274280180518353
RUB,INR,0.399168867747319
RUB,BRL,0.462537913847273
RUB,TWD,0.263483721212344
RUB,COP,0.597226985843118
RUB,JPY,-0.263104428967596
RUB,CLP,0.413396795957214
RUB,PHP,0.235916878692014
RUB,ILS,0.194684482056767
RUB,RUB,1
RUB,IDR,0.200533515662144
RUB,TRY,0.239576981282973
RUB,PEN,0.25097949494732
RUB,HKD,-0.0205058500049677
RUB,SAR,-0.00695702758957172
RUB,ARS,-0.0471255740360079
RUB,PKR,-0.0951380525452752
IDR,XDR,0.253689062541875
IDR,ESP,0.22803800154986
IDR,DEM,0.227826192280091
IDR,FIM,0.228065208419145
IDR,MTL,0.227954199924477
IDR,PTE,0.228075170518257
IDR,NLG,0.228020417316297
IDR,ATS,0.228254958851977
IDR,EUR,0.227943599886348
IDR,SIT,0.228074580056183
IDR,SKK,0.228340004744485
IDR,CYP,0.228050416960788
IDR,BEF,0.227958119264165
IDR,LUF,0.227958119264165
IDR,FRF,0.227912195742321
IDR,IEP,0.227925263068874
IDR,ITL,0.228484750814145
IDR,GRD,0.227832517039481
IDR,EEK,0.22769007207936
IDR,SEK,0.243411107136334
IDR,SGD,0.32653087180411
IDR,HRK,0.155961526314812
IDR,PLN,0.265397037660816
IDR,RON,0.136833886144768
IDR,DKK,0.135710423737404
IDR,BGN,0.133641688660591
IDR,CZK,0.2820648673241
IDR,AUD,0.275594165088138
IDR,NOK,0.235774228057065
IDR,NZD,0.251656662739783
IDR,HUF,0.212774006917142
IDR,CHF,0.174080595076025
IDR,GBP,0.291954809375992
IDR,CAD,0.261406981589696
IDR,KRW,0.324634040935094
IDR,ISK,0.150121762009592
IDR,CNY,0.228903262219939
IDR,ZAR,0.206722023593038
IDR,MXN,0.294301634318064
IDR,XPT,0.19825935745117
IDR,THB,0.168229428554356
IDR,MYR,0.302460113477763
IDR,INR,0.263500592711186
IDR,BRL,0.222414751175103
IDR,TWD,0.173582586282323
IDR,COP,0.221936599543637
IDR,JPY,0.0183591033089471
IDR,CLP,0.181303079041202
IDR,PHP,0.0612752788698948
IDR,ILS,0.113220062817842
IDR,RUB,0.200533515662144
IDR,IDR,1
IDR,TRY,0.0899350737529779
IDR,PEN,0.128451987786515
IDR,HKD,0.0206906747975732
IDR,SAR,0.0819314137413432
IDR,ARS,0.0204662422727787
IDR,PKR,0.00402008399240275
TRY,XDR,0.176991809782023
TRY,ESP,0.167638059007069
TRY,DEM,0.167609304703933
TRY,FIM,0.167725911679117
TRY,MTL,0.167812440174629
TRY,PTE,0.167814454159297
TRY,NLG,0.167959645359576
TRY,ATS,0.167979728387624
TRY,EUR,0.167638700305297
TRY,SIT,0.167289037833966
TRY,SKK,0.167494860334441
TRY,CYP,0.167668781170936
TRY,BEF,0.16792284527163
TRY,LUF,0.16792284527163
TRY,FRF,0.167576323358726
TRY,IEP,0.16777692828715
TRY,ITL,0.167625055281209
TRY,GRD,0.167692667075001
TRY,EEK,0.167903700879729
TRY,SEK,0.199955290207496
TRY,SGD,0.264254268132031
TRY,HRK,0.155853612737456
TRY,PLN,0.207571134369661
TRY,RON,0.162418704490736
TRY,DKK,0.149302144012446
TRY,BGN,0.147772820526518
TRY,CZK,0.220093051543545
TRY,AUD,0.267356366377703
TRY,NOK,0.226473718426005
TRY,NZD,0.283641348895884
TRY,HUF,0.226199069535276
TRY,CHF,0.0622442243789396
TRY,GBP,0.166166136601038
TRY,CAD,0.222692642081178
TRY,KRW,0.286444703858776
TRY,ISK,0.0938230960388708
TRY,CNY,0.205105505426829
TRY,ZAR,0.302043972846877
TRY,MXN,0.303560345713638
TRY,XPT,0.213256392951606
TRY,THB,0.217908676259271
TRY,MYR,0.168607285656171
TRY,INR,0.18500023258321
TRY,BRL,0.253561671917189
TRY,TWD,0.142662502813873
TRY,COP,0.264367202642004
TRY,JPY,-0.0151075633048133
TRY,CLP,0.24780000393829
TRY,PHP,0.103212286818621
TRY,ILS,0.127141507423656
TRY,RUB,0.239576981282973
TRY,IDR,0.0899350737529779
TRY,TRY,1
TRY,PEN,0.12760658310946
TRY,HKD,-0.0131057843796195
TRY,SAR,-0.0216980199427201
TRY,ARS,-0.0324283873927101
TRY,PKR,0.00751279700400314
PEN,XDR,0.179154852526049
PEN,ESP,0.146119074028443
PEN,DEM,0.145843891288236
PEN,FIM,0.14611046620268
PEN,MTL,0.146351617875674
PEN,PTE,0.146356724992117
PEN,NLG,0.146077902952769
PEN,ATS,0.14626323012863
PEN,EUR,0.145986804864904
PEN,SIT,0.146189318417009
PEN,SKK,0.145839376201875
PEN,CYP,0.146098837124838
PEN,BEF,0.146050786844406
PEN,LUF,0.146050786844406
PEN,FRF,0.145952593088651
PEN,IEP,0.145952098912692
PEN,ITL,0.145609534505151
PEN,GRD,0.145905668684429
PEN,EEK,0.145906197818244
PEN,SEK,0.244832141211444
PEN,SGD,0.279759224524911
PEN,HRK,0.109668322862198
PEN,PLN,0.195584865589409
PEN,RON,0.105410109837943
PEN,DKK,0.106890358876792
PEN,BGN,0.10404552026602
PEN,CZK,0.180795253058552
PEN,AUD,0.267212781108173
PEN,NOK,0.236950281255183
PEN,NZD,0.22732882522426
PEN,HUF,0.166554222091195
PEN,CHF,0.0944677583432164
PEN,GBP,0.237678599193216
PEN,CAD,0.26246008222827
PEN,KRW,0.276842194434768
PEN,ISK,0.014418127717156
PEN,CNY,0.18735570365652
PEN,ZAR,0.289775850726984
PEN,MXN,0.34552171778614
PEN,XPT,0.172469851053907
PEN,THB,0.135083239405293
PEN,MYR,0.204713304025811
PEN,INR,0.208347678880303
PEN,BRL,0.286244712960885
PEN,TWD,0.164594532790905
PEN,COP,0.385428248510464
PEN,JPY,0.00748241195733397
PEN,CLP,0.372459190909052
PEN,PHP,0.155618260985987
PEN,ILS,0.170976976331294
PEN,RUB,0.25097949494732
PEN,IDR,0.128451987786515
PEN,TRY,0.12760658310946
PEN,PEN,1
PEN,HKD,-0.0483915783358126
PEN,SAR,-0.0229137422266924
PEN,ARS,-0.0627320373232401
PEN,PKR,-0.000246092735758603
HKD,XDR,0.206353180894448
HKD,ESP,0.169007508454129
HKD,DEM,0.169350748146468
HKD,FIM,0.168945878452094
HKD,MTL,0.169165218664664
HKD,PTE,0.169186694871607
HKD,NLG,0.16884093874723
HKD,ATS,0.168836239114363
HKD,EUR,0.169188239402639
HKD,SIT,0.168908795191086
HKD,SKK,0.169296695418529
HKD,CYP,0.169103690360234
HKD,BEF,0.168907480675789
HKD,LUF,0.168907480675789
HKD,FRF,0.169282315962874
HKD,IEP,0.169035122594028
HKD,ITL,0.168709788510331
HKD,GRD,0.168782320511549
HKD,EEK,0.16907202727825
HKD,SEK,0.112680995116773
HKD,SGD,0.122083723357415
HKD,HRK,0.114342189009321
HKD,PLN,0.104514106003166
HKD,RON,0.142790245975702
HKD,DKK,0.16157157488918
HKD,BGN,0.160894484340176
HKD,CZK,-0.0365571393241806
HKD,AUD,0.13262048942224
HKD,NOK,-0.00271023414529647
HKD,NZD,0.111017681038998
HKD,HUF,0.0789334285552774
HKD,CHF,0.187938682395307
HKD,GBP,0.12304799760663
HKD,CAD,0.0991498722795186
HKD,KRW,0.0422243465730716
HKD,ISK,0.0961592308093022
HKD,CNY,0.0869999467957222
HKD,ZAR,-0.0383315388340491
HKD,MXN,-0.0724511118909458
HKD,XPT,-0.132245722403393
HKD,THB,-0.0160987422108078
HKD,MYR,0.000455977363357037
HKD,INR,-0.0301382214508835
HKD,BRL,-0.120183314069089
HKD,TWD,0.0750109461942924
HKD,COP,-0.100783319423752
HKD,JPY,0.278748052912629
HKD,CLP,-0.0712235858176726
HKD,PHP,-0.111718681280944
HKD,ILS,0.0342615697958731
HKD,RUB,-0.0205058500049677
HKD,IDR,0.0206906747975732
HKD,TRY,-0.0131057843796195
HKD,PEN,-0.0483915783358126
HKD,HKD,1
HKD,SAR,-0.042921905191342
HKD,ARS,-0.0217196288186766
HKD,PKR,-0.167673396410077
SAR,XDR,0.0603657103741143
SAR,ESP,0.0663251801438427
SAR,DEM,0.0660542270377615
SAR,FIM,0.0664127799983227
SAR,MTL,0.0663680100024455
SAR,PTE,0.0666619497267785
SAR,NLG,0.066354316973179
SAR,ATS,0.066405045748554
SAR,EUR,0.0663363787964142
SAR,SIT,0.0664140928675036
SAR,SKK,0.0662341928924527
SAR,CYP,0.0663918148524693
SAR,BEF,0.066556222917493
SAR,LUF,0.066556222917493
SAR,FRF,0.0662950097887482
SAR,IEP,0.0663066284836388
SAR,ITL,0.0663546571838079
SAR,GRD,0.0661160404002312
SAR,EEK,0.0666430133119165
SAR,SEK,0.039582927902146
SAR,SGD,-0.00703043232375196
SAR,HRK,-0.00469098599485719
SAR,PLN,0.00425849753454542
SAR,RON,-0.0372939403029946
SAR,DKK,-0.0318627134044493
SAR,BGN,-0.0356391997083227
SAR,CZK,0.0439137228650833
SAR,AUD,0.0339796235732306
SAR,NOK,0.124012441999499
SAR,NZD,0.0610914451315573
SAR,HUF,0.02497684571931
SAR,CHF,0.0750188504031598
SAR,GBP,0.00533522568842543
SAR,CAD,0.0652331493256165
SAR,KRW,-0.0266835621143535
SAR,ISK,0.0454408361031149
SAR,CNY,0.064267395797909
SAR,ZAR,-0.00853578324722809
SAR,MXN,-0.00733823345015099
SAR,XPT,0.0444279416966641
SAR,THB,-0.0363898242646839
SAR,MYR,0.00845861485715903
SAR,INR,-0.0396338979236545
SAR,BRL,0.0660259417200009
SAR,TWD,0.0599067924936623
SAR,COP,0.0742107793836113
SAR,JPY,0.0414165626145908
SAR,CLP,-0.0344324355119105
SAR,PHP,-0.0136134044207142
SAR,ILS,-0.12496192419791
SAR,RUB,-0.00695702758957172
SAR,IDR,0.0819314137413432
SAR,TRY,-0.0216980199427201
SAR,PEN,-0.0229137422266924
SAR,HKD,-0.042921905191342
SAR,SAR,1
SAR,ARS,0.123637948499086
SAR,PKR,-0.00323986512914039
ARS,XDR,-0.0193487729609575
ARS,ESP,0.0214266128592866
ARS,DEM,0.0217629438068684
ARS,FIM,0.0217964138257516
ARS,MTL,0.021731683389525
ARS,PTE,0.0217845290526772
ARS,NLG,0.0223411292997145
ARS,ATS,0.0222386595814353
ARS,EUR,0.0218733141210713
ARS,SIT,0.02224895477016
ARS,SKK,0.0217881218847899
ARS,CYP,0.0218842197401315
ARS,BEF,0.0219853875987378
ARS,LUF,0.0219853875987378
ARS,FRF,0.0219634156809551
ARS,IEP,0.0219002434567048
ARS,ITL,0.0216643051592058
ARS,GRD,0.0221123598381873
ARS,EEK,0.0228220757182181
ARS,SEK,-0.0172874931849105
ARS,SGD,-0.142575551843637
ARS,HRK,-0.0904419518609631
ARS,PLN,-0.101141113526992
ARS,RON,-0.111462104266952
ARS,DKK,-0.11332903133915
ARS,BGN,-0.108709169807826
ARS,CZK,-0.0402148829489388
ARS,AUD,-0.124354968398014
ARS,NOK,-0.0730157127206695
ARS,NZD,-0.125331432138639
ARS,HUF,-0.0914034066562634
ARS,CHF,0.101104999054183
ARS,GBP,-0.0664008956110788
ARS,CAD,-0.141877719474501
ARS,KRW,-0.148307068659373
ARS,ISK,-0.0494186533770851
ARS,CNY,-0.151540135655771
ARS,ZAR,-0.0351094512623342
ARS,MXN,-0.0979392646994175
ARS,XPT,-0.0455972997571902
ARS,THB,-0.123597984090251
ARS,MYR,-0.181003526865739
ARS,INR,-0.12070471797392
ARS,BRL,0.0204431999612838
ARS,TWD,-0.0353598528939723
ARS,COP,5.92811863331889e-05
ARS,JPY,0.0183380535896995
ARS,CLP,-0.0445061335222734
ARS,PHP,-0.183147918975379
ARS,ILS,-0.104508780409895
ARS,RUB,-0.0471255740360079
ARS,IDR,0.0204662422727787
ARS,TRY,-0.0324283873927101
ARS,PEN,-0.0627320373232401
ARS,HKD,-0.0217196288186766
ARS,SAR,0.123637948499086
ARS,ARS,1
ARS,PKR,0.33694834797576
PKR,XDR,-0.132591052662638
PKR,ESP,-0.110431129656866
PKR,DEM,-0.109569119448
PKR,FIM,-0.109888742317958
PKR,MTL,-0.109851778212785
PKR,PTE,-0.110089413464277
PKR,NLG,-0.109676796289076
PKR,ATS,-0.109676018223726
PKR,EUR,-0.109706389510071
PKR,SIT,-0.109638755790757
PKR,SKK,-0.109636680536804
PKR,CYP,-0.109714292413398
PKR,BEF,-0.109820260840898
PKR,LUF,-0.109820260840898
PKR,FRF,-0.109743378016067
PKR,IEP,-0.109779495285631
PKR,ITL,-0.109726574357149
PKR,GRD,-0.10978577042372
PKR,EEK,-0.109043984269978
PKR,SEK,-0.0833262215269243
PKR,SGD,-0.174418137259584
PKR,HRK,-0.19014655346316
PKR,PLN,-0.140531683521384
PKR,RON,-0.207264134391308
PKR,DKK,-0.208898860931704
PKR,BGN,-0.206611966978644
PKR,CZK,-0.104022063260267
PKR,AUD,-0.105590016277557
PKR,NOK,-0.110113771692681
PKR,NZD,-0.0932814988037662
PKR,HUF,-0.145239546525212
PKR,CHF,-0.0808328492133449
PKR,GBP,-0.129844968732922
PKR,CAD,-0.140208902482112
PKR,KRW,-0.178400624277531
PKR,ISK,-0.083240946648036
PKR,CNY,-0.127076026279651
PKR,ZAR,-0.00671713031419086
PKR,MXN,-0.110755250396691
PKR,XPT,-0.0833525325622853
PKR,THB,-0.114374557957653
PKR,MYR,-0.169184768060521
PKR,INR,-0.160494072141737
PKR,BRL,0.0403614345323281
PKR,TWD,-0.0871563412659161
PKR,COP,0.0164931074515859
PKR,JPY,-0.0738757595606045
PKR,CLP,-0.0118648275724003
PKR,PHP,-0.0485167401967289
PKR,ILS,-0.0972876271186442
PKR,RUB,-0.0951380525452752
PKR,IDR,0.00402008399240275
PKR,TRY,0.00751279700400314
PKR,PEN,-0.000246092735758603
PKR,HKD,-0.167673396410077
PKR,SAR,-0.00323986512914039
PKR,ARS,0.33694834797576
PKR,PKR,1
