"Jul.Day","YYYY/MM/DD","Wdy","DZD/USD","ARS/USD","AUD/USD","ATS/USD","BSD/USD","BHD/USD","BBD/USD","BEF/USD","BMD/USD","BRL/USD","GBP/USD","BGN/USD","CAD/USD","CLP/USD","CNY/USD","COP/USD","HRK/USD","CYP/USD","CZK/USD","DKK/USD"
2458848,"2019/12/30","Mon",,59.732,1.4286,12.282,,,,36.006,,4.0219,0.76181,1.7469,1.3059,746.73,6.9872,3292.5,6.6528,0.52239,22.743,6.6717
2458849,"2019/12/31","Tue",,59.408,1.4238,12.255,,,,35.928,,4.0198,0.75626,1.7401,1.2988,742.67,6.9641,3274.6,6.6190,0.52126,22.606,6.6475
2458851,"2020/01/02","Thu",,59.797,1.4310,12.312,,,,36.095,,4.0273,0.76043,1.7465,1.2992,750.22,6.9625,3250.9,6.6478,0.52368,22.692,6.6723
2458852,"2020/01/03","Fri",,59.833,1.4375,12.328,,,,36.141,,4.0486,0.76432,1.7554,1.2988,757.08,6.9678,3252.5,6.6832,0.52435,22.761,6.7073
2458855,"2020/01/06","Mon",,59.648,1.4418,12.296,,,,36.046,,4.0582,0.76008,1.7464,1.2970,772.36,6.9769,3247.2,6.6480,0.52298,22.592,6.6731
2458856,"2020/01/07","Tue",,59.801,1.4561,12.344,,,,36.187,,4.0768,0.76210,1.7523,1.3009,768.32,6.9455,3259.4,6.6728,0.52502,22.646,6.6954
2458857,"2020/01/08","Wed",,59.794,1.4566,12.379,,,,36.289,,4.0579,0.76296,1.7606,1.3026,759.98,6.9472,3241.8,6.7056,0.52650,22.744,6.7273
2458858,"2020/01/09","Thu",,59.735,1.4587,12.390,,,,36.321,,4.0795,0.76597,1.7635,1.3079,765.81,6.9311,3250.7,6.7140,0.52697,22.770,6.7384
2458859,"2020/01/10","Fri",,59.780,1.4496,12.382,,,,36.299,,4.0784,0.76554,1.7606,1.3051,770.52,6.9199,3279.2,6.7015,0.52664,22.743,6.7272
2458862,"2020/01/13","Mon",,59.910,1.4477,12.359,,,,36.230,,4.1344,0.76984,1.7583,1.3048,774.46,6.8928,3283.1,6.6926,0.52565,22.682,6.7184
2458863,"2020/01/14","Tue",,60.083,1.4488,12.370,,,,36.264,,4.1362,0.76858,1.7584,1.3062,770.18,6.8856,3282.0,6.6937,0.52614,22.617,6.7190
2458864,"2020/01/15","Wed",,59.840,1.4492,12.338,,,,36.171,,4.1720,0.76783,1.7524,1.3050,775.94,6.8902,3303.1,6.6700,0.52479,22.529,6.6954
2458865,"2020/01/16","Thu",,60.038,1.4490,12.352,,,,36.212,,4.1838,0.76551,1.7524,1.3045,774.92,6.8803,3319.0,6.6679,0.52539,22.553,6.6958
2458866,"2020/01/17","Fri",,59.968,1.4534,12.402,,,,36.357,,4.1772,0.76759,1.7621,1.3062,771.94,6.8603,3322.0,6.7011,0.52749,22.656,6.7327
2458869,"2020/01/20","Mon",,59.959,1.4560,12.412,,,,36.387,,4.1850,0.76927,1.7622,1.3053,769.86,6.8664,3331.3,6.6998,0.52792,22.638,6.7329
2458870,"2020/01/21","Tue",,60.051,1.4587,12.399,,,,36.348,,4.2003,0.76603,1.7611,1.3067,772.66,6.9064,3349.8,6.6969,0.52736,22.570,6.7284
2458871,"2020/01/22","Wed",,60.029,1.4614,12.412,,,,36.387,,4.1851,0.76145,1.7734,1.3116,770.86,6.9068,3328.4,6.7439,0.52792,22.792,6.7760
2458872,"2020/01/23","Thu",,60.041,1.4603,12.444,,,,36.482,,4.1671,0.76262,1.7607,1.3143,777.67,6.9356,3366.9,6.7014,0.52930,22.650,6.7279
2458873,"2020/01/24","Fri",,60.038,1.4644,12.476,,,,36.574,,4.1807,0.76444,1.7735,1.3140,776.50,6.9377,3375.2,6.7477,0.53064,22.814,6.7763
2458876,"2020/01/27","Mon",,60.153,1.4788,12.488,,,,36.610,,4.2155,0.76591,1.7733,1.3182,789.65,6.9379,3398.2,6.7469,0.53116,22.876,6.7753
2458877,"2020/01/28","Tue",,60.197,1.4810,12.499,,,,36.642,,4.2025,0.76926,1.7757,1.3179,786.82,6.9363,3391.7,6.7556,0.53162,22.898,6.7845
2458878,"2020/01/29","Wed",,,1.4822,12.506,,,,36.662,,4.2133,0.76873,1.7804,1.3196,790.94,6.9380,3396.1,6.7746,0.53191,22.947,6.8026
2458879,"2020/01/30","Thu",,60.240,1.4901,12.475,,,,36.571,,4.2567,0.76386,1.7733,1.3217,796.05,6.9381,3412.9,6.7480,0.53060,22.894,6.7757
2458880,"2020/01/31","Fri",,60.376,1.4936,12.427,,,,36.431,,4.2784,0.75899,1.7694,1.3233,799.80,6.9355,3427.2,6.7346,0.52856,22.807,6.7609
2458883,"2020/02/03","Mon",,60.322,1.4944,12.442,,,,36.477,,4.2453,0.76850,1.7726,1.3275,787.58,7.0201,3397.7,6.7490,0.52922,22.819,6.7729
2458884,"2020/02/04","Tue",,60.595,1.4857,12.461,,,,36.532,,4.2449,0.76743,1.7701,1.3278,782.25,6.9995,3370.1,6.7443,0.53003,22.756,6.7634
2458885,"2020/02/05","Wed",,60.556,1.4813,12.506,,,,36.662,,4.2484,0.76940,1.7748,1.3289,777.39,6.9722,3355.4,6.7668,0.53192,22.737,6.7814
2458886,"2020/02/06","Thu",,60.687,1.4838,12.529,,,,36.730,,4.2637,0.77276,1.7791,1.3290,783.37,6.9691,3381.8,6.7826,0.53291,22.644,6.7974
2458887,"2020/02/07","Fri",,60.769,1.4978,12.562,,,,36.827,,4.3114,0.77431,1.7818,1.3305,789.97,6.9990,3411.5,6.7919,0.53431,22.804,6.8077
2458890,"2020/02/10","Mon",,60.961,1.4969,12.598,,,,36.932,,4.3201,0.77378,1.7867,1.3319,794.62,6.9843,3445.2,6.8102,0.53583,22.862,6.8261
2458891,"2020/02/11","Tue",,61.081,1.4893,12.605,,,,36.954,,4.3240,0.77212,1.7935,1.3292,791.92,6.9665,3424.3,6.8399,0.53615,22.893,6.8520
2458892,"2020/02/12","Wed",,61.274,1.4835,12.638,,,,37.050,,4.3441,0.77116,1.7917,1.3254,790.93,6.9721,3383.1,6.8317,0.53754,22.791,6.8448
2458893,"2020/02/13","Thu",,61.375,1.4861,12.687,,,,37.192,,4.3363,0.76642,1.7997,1.3256,793.62,6.9768,3379.8,6.8565,0.53960,22.852,6.8756
2458894,"2020/02/14","Fri",,61.440,1.4891,12.689,,,,37.198,,4.3086,0.76744,1.8041,1.3249,790.42,6.9879,3380.8,6.8712,0.53969,22.902,6.8918
2458898,"2020/02/18","Tue",,61.636,1.4952,12.734,,,,37.333,,4.3526,0.76845,1.8076,1.3258,795.64,6.9963,3406.2,6.8799,0.54164,23.011,6.9041
2458899,"2020/02/19","Wed",,61.718,1.4981,12.748,,,,37.371,,4.3710,0.77288,1.8120,1.3231,797.87,6.9968,3391.6,6.8979,0.54220,23.127,6.9201
2458900,"2020/02/20","Thu",,61.716,1.5108,12.743,,,,37.358,,4.3902,0.77663,1.8122,1.3254,806.53,7.0239,3393.3,6.9027,0.54201,23.199,6.9199
2458901,"2020/02/21","Fri",,61.835,1.5098,12.689,,,,37.198,,4.3890,0.77162,1.8061,1.3224,802.58,7.0266,3393.3,6.8789,0.53969,23.143,6.8985
2458904,"2020/02/24","Mon",,61.653,1.5133,12.683,,,,37.181,,4.3883,0.77388,1.8071,1.3279,807.17,7.0296,3431.8,6.8973,0.53945,23.271,6.9018
2458905,"2020/02/25","Tue",,61.707,1.5156,12.664,,,,37.125,,4.3875,0.76942,1.8034,1.3281,810.74,7.0121,3433.2,6.8758,0.53863,23.261,6.8882
2458906,"2020/02/26","Wed",,62.031,1.5243,12.649,,,,37.082,,4.4180,0.77407,1.7987,1.3307,810.48,7.0222,3440.7,6.8614,0.53801,23.309,6.8710
2458907,"2020/02/27","Thu",,62.130,1.5195,12.531,,,,36.735,,4.4745,0.77608,1.7854,1.3361,813.99,7.0063,3511.6,6.8124,0.53298,23.080,6.8215
2458908,"2020/02/28","Fri",,62.284,1.5386,12.514,,,,36.687,,4.4943,0.78121,1.7798,1.3429,818.58,6.9906,3539.2,6.7973,0.53228,23.105,6.7999
2458911,"2020/03/02","Mon",,62.348,1.5304,12.343,,,,36.184,,4.4879,0.78247,1.7582,1.3356,813.85,6.9599,3485.5,6.7274,0.52498,22.946,6.7180
2458912,"2020/03/03","Tue",,62.316,1.5154,12.331,,,,36.150,,4.4963,0.78091,1.7591,1.3363,805.53,6.9671,3450.3,6.7326,0.52448,22.913,6.7215
2458913,"2020/03/04","Wed",,62.200,1.5115,12.366,,,,36.252,,4.5489,0.77897,1.7623,1.3392,816.56,6.9281,3471.3,6.7445,0.52597,22.834,6.7336
2458914,"2020/03/05","Thu",,62.511,1.5158,12.289,,,,36.027,,4.6355,0.77329,1.7467,1.3415,823.31,6.9364,3527.8,6.6896,0.52270,22.636,6.6724
2458915,"2020/03/06","Fri",,62.473,1.5076,12.160,,,,35.649,,4.6375,0.76841,1.7254,1.3421,825.78,6.9323,3585.0,6.6196,0.51722,22.459,6.5898
2458918,"2020/03/09","Mon",,62.751,1.5102,12.026,,,,35.256,,4.7462,0.76243,1.7034,1.3598,844.21,6.9484,3801.6,6.5756,0.51151,22.212,6.5055
2458919,"2020/03/10","Tue",,62.444,1.5357,12.134,,,,35.573,,4.6609,0.77132,1.7238,1.3731,833.37,6.9559,3766.2,6.6478,0.51611,22.673,6.5851
2458920,"2020/03/11","Wed",,62.800,1.5347,12.178,,,,35.701,,4.6911,0.77572,1.7256,1.3745,838.39,6.9560,3843.1,6.6828,0.51797,22.736,6.5929
2458921,"2020/03/12","Thu",,62.650,1.5791,12.317,,,,36.107,,4.8662,0.79307,1.7411,1.3820,848.93,7.0259,4021.4,6.7658,0.52387,23.327,6.6525
2458922,"2020/03/13","Fri",,62.782,1.6085,12.397,,,,36.342,,4.7639,0.80539,1.7667,1.3901,834.23,7.0030,3937.5,6.8317,0.52728,23.524,6.7506
2458925,"2020/03/16","Mon",,63.023,1.6305,12.338,,,,36.170,,4.9694,0.81546,1.7576,1.3964,853.12,7.0030,4093.4,6.8104,0.52477,24.227,6.7156
2458926,"2020/03/17","Tue",,63.252,1.6684,12.524,,,,36.716,,5.0230,0.82817,1.7872,1.4175,855.27,7.0104,4064.7,6.9288,0.53270,24.659,6.8291
2458927,"2020/03/18","Wed",,63.156,1.7149,12.647,,,,37.076,,5.1441,0.85316,1.8002,1.4496,865.17,7.0437,4143.1,6.9894,0.53792,24.994,6.8786
2458928,"2020/03/19","Thu",,63.766,1.7207,12.823,,,,37.591,,5.1401,0.86049,1.8146,1.4495,864.24,7.1089,4156.7,7.0587,0.54539,25.613,6.9335
2458929,"2020/03/20","Fri",,63.633,1.7115,12.867,,,,37.721,,5.0200,0.85259,1.8372,1.4332,851.00,7.0915,4076.9,7.1484,0.54728,25.543,7.0163
2458932,"2020/03/23","Mon",,63.473,1.7253,12.787,,,,37.487,,5.1011,0.86548,1.8262,1.4482,858.42,7.0886,4128.0,7.1019,0.54389,25.803,6.9754
2458933,"2020/03/24","Tue",,63.700,1.6903,12.754,,,,37.391,,5.0792,0.85156,1.8033,1.4491,846.41,7.0619,4107.2,7.0185,0.54248,25.641,6.8849
2458934,"2020/03/25","Wed",,63.888,1.6743,12.701,,,,37.234,,5.0448,0.84712,1.8001,1.4302,844.34,7.1119,4081.7,7.0026,0.54021,25.261,6.8737
2458935,"2020/03/26","Thu",,64.423,1.6546,12.508,,,,36.667,,5.0096,0.82762,1.7801,1.4077,832.21,7.0739,3977.1,6.9279,0.53199,25.076,6.7954
2458936,"2020/03/27","Fri",,64.241,1.6365,12.458,,,,36.523,,5.0909,0.81000,1.7712,1.4056,838.05,7.0954,4036.9,6.8953,0.52989,24.722,6.7564
2458939,"2020/03/30","Mon",,64.422,1.6253,12.476,,,,36.575,,5.1608,0.80670,1.7718,1.4156,851.27,7.0993,4060.8,6.9091,0.53066,24.745,6.7643
2458940,"2020/03/31","Tue",,64.686,1.6352,12.527,,,,36.724,,5.1929,0.80590,1.7767,1.4187,856.30,7.0864,4065.8,6.9273,0.53281,24.811,6.7836
2458941,"2020/04/01","Wed",,64.543,1.6455,12.590,,,,36.910,,5.2500,0.80678,1.7823,1.4217,863.27,7.1014,4071.9,6.9518,0.53552,24.941,6.8020
2458942,"2020/04/02","Thu",,64.917,1.6547,12.673,,,,37.151,,5.2651,0.80737,1.7948,1.4179,863.85,7.0860,4037.5,7.0023,0.53901,25.285,6.8515
2458943,"2020/04/03","Fri",,64.784,1.6663,12.746,,,,37.367,,5.3066,0.81599,1.8079,1.4142,864.88,7.0923,3996.3,7.0530,0.54215,25.456,6.9040
2458946,"2020/04/06","Mon",,65.017,1.6431,12.746,,,,37.367,,5.2575,0.81363,1.8082,1.4127,854.03,7.0919,3974.1,7.0501,0.54214,25.520,6.9026
2458947,"2020/04/07","Tue",,65.079,1.6146,12.624,,,,37.008,,5.2206,0.81017,1.7926,1.3986,842.25,7.0494,3912.4,6.9953,0.53694,24.945,6.8445
2458948,"2020/04/08","Wed",,65.269,1.6090,12.660,,,,37.114,,5.1882,0.80706,1.8019,1.4034,851.15,7.0665,3890.2,7.0235,0.53846,25.043,6.8765
2458949,"2020/04/09","Thu",,64.972,1.5861,12.597,,,,36.928,,5.0836,0.80286,1.7918,1.3985,840.05,7.0453,3865.4,6.9788,0.53578,24.653,6.8397
2458953,"2020/04/13","Mon",,65.291,1.5674,12.609,,,,36.963,,5.1787,0.79940,,1.3936,836.79,7.0526,3853.0,,0.53629,,
2458954,"2020/04/14","Tue",,65.443,1.5584,12.543,,,,36.772,,5.1842,0.79343,1.7824,1.3904,850.52,7.0507,3860.1,6.9379,0.53351,24.482,6.8005
2458955,"2020/04/15","Wed",,65.526,1.5822,12.619,,,,36.994,,5.2481,0.79925,1.7971,1.4086,859.13,7.0677,3917.4,6.9925,0.53673,24.801,6.8580
2458956,"2020/04/16","Thu",,65.607,1.5860,12.675,,,,37.159,,5.2459,0.80252,1.7983,1.4122,848.99,7.0787,3928.6,6.9888,0.53912,24.874,6.8609
2458957,"2020/04/17","Fri",,65.901,1.5728,12.656,,,,37.102,,5.2514,0.80033,1.7967,1.4037,852.25,7.0715,3977.3,6.9556,0.53830,24.953,6.8534
2458960,"2020/04/20","Mon",,66.196,1.5702,12.662,,,,37.120,,5.2955,0.80312,1.7977,1.4086,860.62,7.0748,3976.6,6.9399,0.53855,25.119,6.8554
2458961,"2020/04/21","Tue",,66.060,1.5914,12.681,,,,37.175,,5.3175,0.81388,1.8046,1.4203,863.41,7.0944,4047.1,6.9848,0.53936,25.325,6.8816
2458962,"2020/04/22","Wed",,66.284,1.5828,12.701,,,,37.236,,5.3883,0.81118,1.8006,1.4155,859.09,7.0846,4047.9,6.9693,0.54024,25.349,6.8670
2458963,"2020/04/23","Thu",,66.407,1.5673,12.744,,,,37.359,,5.4635,0.80929,1.8064,1.4063,862.99,7.0704,4023.1,6.9964,0.54203,25.447,6.8881
2458964,"2020/04/24","Fri",,66.387,1.5683,12.743,,,,37.357,,5.6700,0.81010,1.8162,1.4090,859.15,7.0804,4034.3,7.0132,0.54200,25.361,6.9254
2458967,"2020/04/27","Mon",,66.596,1.5480,12.699,,,,37.230,,5.6620,0.80524,1.8017,1.4053,856.07,7.0867,4029.7,6.9574,0.54015,25.042,6.8714
2458968,"2020/04/28","Tue",,66.535,1.5391,12.688,,,,37.197,,5.5468,0.80333,1.8011,1.3978,845.92,7.0775,4040.0,6.9618,0.53968,25.073,6.8670
2458969,"2020/04/29","Wed",,66.716,1.5307,12.673,,,,37.151,,5.4108,0.80404,1.7998,1.3922,834.14,7.0778,3982.1,6.9605,0.53901,24.961,6.8622
2458970,"2020/04/30","Thu",,66.825,1.5328,12.604,,,,36.950,,5.4294,0.79595,1.8044,1.3910,836.95,7.0609,3930.8,6.9924,0.53610,25.000,6.8811
2458971,"2020/05/01","Fri",,66.394,1.5556,12.525,,,,36.719,,5.4881,0.79911,,1.4066,834.45,7.0612,3956.1,,0.53274,,
2458974,"2020/05/04","Mon",,66.767,1.5589,12.609,,,,36.965,,5.5672,0.80435,1.7900,1.4085,836.90,7.0637,3993.4,6.9391,0.53631,24.819,6.8294
2458975,"2020/05/05","Tue",,67.003,1.5498,12.682,,,,37.179,,5.5550,0.80311,1.8054,1.4032,832.79,7.0619,3923.2,6.9911,0.53941,24.903,6.8874
2458976,"2020/05/06","Wed",,66.971,1.5564,12.733,,,,37.327,,5.6746,0.80903,1.8144,1.4124,838.79,7.1046,3953.3,7.0216,0.54156,25.035,6.9222
2458977,"2020/05/07","Thu",,67.377,1.5445,12.737,,,,37.340,,5.8299,0.81058,1.8061,1.4015,836.59,7.0854,3930.4,6.9872,0.54175,25.079,6.8893
2458978,"2020/05/08","Fri",,67.279,1.5319,12.690,,,,37.203,,5.7626,0.80585,1.8026,1.3934,826.94,7.0731,3876.1,6.9654,0.53976,25.117,6.8756
2458981,"2020/05/11","Mon",,67.307,1.5425,12.722,,,,37.295,,5.8045,0.81079,1.8106,1.4012,825.13,7.0983,3897.9,7.0032,0.54110,25.550,6.9056
2458982,"2020/05/12","Tue",,67.503,1.5372,12.670,,,,37.144,,5.8009,0.81232,1.8059,1.4015,822.77,7.0819,3880.1,6.9856,0.53890,25.322,6.8863
2458983,"2020/05/13","Wed",,67.414,1.5461,12.694,,,,37.214,,5.9056,0.81644,1.8057,1.4073,819.32,7.0897,3892.9,6.9894,0.53993,25.304,6.8833
2458984,"2020/05/14","Thu",,67.610,1.5559,12.750,,,,37.379,,5.9078,0.81985,1.8101,1.4090,821.40,7.0982,3945.5,7.0089,0.54232,25.517,6.9018
2458985,"2020/05/15","Fri",,67.686,1.5572,12.719,,,,37.287,,5.8264,0.82397,1.8098,1.4094,824.75,7.1038,3925.4,7.0043,0.54098,25.529,6.9009
2458989,"2020/05/19","Tue",,67.944,1.5250,12.580,,,,36.881,,5.7243,0.81604,1.7817,1.3893,819.81,7.1028,3821.8,6.8971,0.53509,25.042,6.7923
2458990,"2020/05/20","Wed",,68.005,1.5169,12.532,,,,36.738,,5.7005,0.81626,1.7862,1.3892,803.38,7.0950,3793.1,6.9200,0.53302,25.051,6.8099
2458991,"2020/05/21","Thu",,68.001,1.5216,12.548,,,,36.787,,5.5941,0.81764,1.7802,1.3935,802.07,7.1133,3772.2,6.8997,0.53372,24.768,6.7866
2458992,"2020/05/22","Fri",,67.970,1.5322,12.628,,,,37.020,,5.5770,0.82118,1.7947,1.4015,803.92,7.1323,3773.6,6.9598,0.53710,24.969,6.8435
2458995,"2020/05/25","Mon",,68.243,1.5280,12.626,,,,37.015,,5.4710,0.82018,1.7921,1.3984,803.02,7.1347,3780.5,6.9499,0.53704,24.993,6.8328
2458996,"2020/05/26","Tue",,68.196,1.5037,12.534,,,,36.746,,5.3670,0.81043,1.7781,1.3804,800.21,7.1338,3718.4,6.8947,0.53313,24.613,6.7782
2458997,"2020/05/27","Wed",,68.325,1.5146,12.521,,,,36.707,,5.3000,0.81625,1.7818,1.3780,819.10,7.1696,3736.2,6.9140,0.53256,24.644,6.7946
2458998,"2020/05/28","Thu",,68.420,1.5034,12.441,,,,36.471,,5.3369,0.81199,1.7763,1.3764,810.75,7.1464,3722.9,6.8934,0.52915,24.537,6.7702
2458999,"2020/05/29","Fri",,68.436,1.5045,12.388,,,,36.317,,5.4045,0.81086,1.7647,1.3787,802.48,7.1361,3705.5,6.8457,0.52691,24.291,6.7258
2459002,"2020/06/01","Mon",,68.726,1.4769,12.370,,,,36.264,,5.3725,0.80280,1.7506,1.3630,793.27,7.1324,3719.7,6.7931,0.52614,24.040,6.6726
2459003,"2020/06/02","Tue",,68.746,1.4545,12.315,,,,36.103,,5.2445,0.79716,1.7498,1.3515,780.22,7.1019,3637.4,6.7859,0.52380,23.839,6.6690
2459004,"2020/06/03","Wed",,68.861,1.4444,12.256,,,,35.931,,5.0729,0.79459,1.7407,1.3504,767.62,7.1149,3579.3,6.7391,0.52131,23.727,6.6347
2459005,"2020/06/04","Thu",,68.844,1.4419,12.165,,,,35.664,,5.1051,0.79445,1.7378,1.3508,774.25,7.1132,3591.0,6.7282,0.51743,23.655,6.6245
2459006,"2020/06/05","Fri",,69.088,1.4341,12.178,,,,35.701,,4.9792,0.78850,1.7237,1.3429,765.49,7.0865,3563.0,6.6731,0.51797,23.434,6.5716
2459009,"2020/06/08","Mon",,68.964,1.4290,12.179,,,,35.703,,4.9076,0.78770,1.7304,1.3383,769.05,7.0735,3594.0,6.6933,0.51800,23.522,6.5964
2459010,"2020/06/09","Tue",,69.103,1.4373,12.139,,,,35.586,,4.8971,0.78626,1.7286,1.3423,770.69,7.0796,3639.2,6.6924,0.51631,23.540,6.5907
2459011,"2020/06/10","Wed",,69.261,1.4264,12.102,,,,35.478,,4.8994,0.78336,1.7197,1.3390,767.56,7.0622,3680.2,6.6554,0.51473,23.397,6.5554
2459012,"2020/06/11","Thu",,69.188,1.4529,12.123,,,,35.539,,4.9772,0.79174,1.7301,1.3553,786.65,7.0662,3738.9,6.6942,0.51561,23.600,6.5946
2459013,"2020/06/12","Fri",,69.375,1.4591,12.221,,,,35.826,,5.0505,0.79775,1.7327,1.3596,791.45,7.0812,3753.3,6.7028,0.51979,23.652,6.6045
2459016,"2020/06/15","Mon",,69.119,1.4561,12.197,,,,35.756,,5.1667,0.79597,1.7342,1.3604,798.08,7.0928,3774.8,6.7009,0.51877,23.660,6.6113
2459017,"2020/06/16","Tue",,69.600,1.4494,12.210,,,,35.796,,5.1512,0.79361,1.7309,1.3558,781.40,7.0836,3737.3,6.6794,0.51935,23.509,6.5986
2459018,"2020/06/17","Wed",,69.649,1.4496,12.253,,,,35.920,,5.2437,0.79731,1.7437,1.3555,803.19,7.0857,3758.7,6.7276,0.52115,23.680,6.6473
2459019,"2020/06/18","Thu",,69.766,1.4595,12.271,,,,35.974,,5.3500,0.80461,1.7464,1.3589,813.36,7.0887,3757.5,6.7385,0.52194,23.832,6.6575
2459020,"2020/06/19","Fri",,69.769,1.4569,12.283,,,,36.009,,5.3366,0.80841,1.7472,1.3587,813.85,7.0729,3735.6,6.7595,0.52244,23.837,6.6603
2459023,"2020/06/22","Mon",,69.991,1.4485,12.233,,,,35.863,,5.2419,0.80352,1.7417,1.3545,820.89,7.0694,3730.4,6.7615,0.52032,23.760,6.6383
2459024,"2020/06/23","Tue",,70.077,1.4386,12.153,,,,35.629,,5.1647,0.79920,1.7313,1.3516,817.83,7.0616,3708.3,6.7071,0.51693,23.557,6.5980
2459025,"2020/06/24","Wed",,70.049,1.4522,12.211,,,,35.797,,5.2719,0.80335,1.7338,1.3591,821.13,7.0786,3722.1,6.7148,0.51936,23.699,6.6071
2459026,"2020/06/25","Thu",,70.094,1.4552,12.265,,,,35.958,,5.3384,0.80558,1.7463,1.3645,810.47,7.0773,3732.7,6.7564,0.52169,23.926,6.6550
2459027,"2020/06/26","Fri",,70.138,1.4571,12.264,,,,35.952,,5.4529,0.80981,1.7462,1.3676,816.18,7.0787,3755.8,6.7474,0.52162,23.934,6.6535
2459030,"2020/06/29","Mon",,70.364,1.4583,12.234,,,,35.865,,5.4380,0.81368,1.7366,1.3682,817.79,7.0781,3755.8,6.7207,0.52035,23.839,6.6178
2459031,"2020/06/30","Tue",,70.524,1.4526,12.253,,,,35.920,,5.4578,0.80965,1.7393,1.3628,822.03,7.0685,3746.4,6.7329,0.52114,23.781,6.6278
2459033,"2020/07/02","Thu",,70.540,1.4442,12.236,,,,35.870,,5.3195,0.80144,1.7318,1.3586,801.27,7.0687,3653.2,6.6947,0.52042,23.582,6.5974
2459034,"2020/07/03","Fri",,70.584,1.4408,12.242,,,,35.890,,5.3301,0.80219,1.7416,1.3565,801.03,7.0651,3641.4,6.7295,0.52071,23.745,6.6357
2459037,"2020/07/06","Mon",,70.805,1.4334,12.159,,,,35.647,,5.3193,0.80018,1.7275,1.3543,798.07,7.0207,3634.1,6.6783,0.51718,23.587,6.5817
2459038,"2020/07/07","Tue",,70.886,1.4366,12.187,,,,35.726,,5.3497,0.79628,1.7344,1.3583,792.55,7.0160,3634.0,6.6944,0.51834,23.661,6.6086
2459039,"2020/07/08","Wed",,70.919,1.4352,12.150,,,,35.620,,5.3573,0.79430,1.7263,1.3538,786.97,7.0072,3624.5,6.6538,0.51679,23.609,6.5751
2459040,"2020/07/09","Thu",,70.806,1.4351,12.169,,,,35.674,,5.3220,0.79186,1.7312,1.3555,783.79,6.9907,3638.2,6.6708,0.51758,23.564,6.5945
2459041,"2020/07/10","Fri",,70.890,1.4385,12.173,,,,35.686,,5.3414,0.79159,1.7336,1.3594,788.96,7.0000,3620.2,6.6787,0.51775,23.659,6.6022
2459044,"2020/07/13","Mon",,71.220,1.4338,12.117,,,,35.522,,5.3561,0.79348,1.7268,1.3567,788.03,6.9969,3615.6,6.6519,0.51538,23.528,6.5732
2459045,"2020/07/14","Tue",,71.327,1.4360,12.078,,,,35.407,,5.3925,0.79756,1.7194,1.3616,786.52,7.0113,3640.3,6.6194,0.51370,23.418,6.5449
2459046,"2020/07/15","Wed",,71.408,1.4264,12.052,,,,35.330,,5.3536,0.79350,1.7048,1.3534,788.64,6.9871,3616.6,6.5642,0.51259,23.174,6.4907
2459047,"2020/07/16","Thu",,71.463,1.4312,12.062,,,,35.361,,5.3382,0.79520,1.7142,1.3543,789.34,6.9917,3626.1,6.6046,0.51303,23.395,6.5254
2459048,"2020/07/17","Fri",,71.481,1.4303,12.035,,,,35.282,,5.3589,0.79692,1.7117,1.3574,788.57,6.9933,3647.2,6.5971,0.51189,23.351,6.5160
2459051,"2020/07/20","Mon",,71.708,1.4274,12.032,,,,35.274,,5.3509,0.79074,1.7053,1.3543,784.23,6.9845,3653.8,6.5692,0.51177,23.192,6.4942
2459052,"2020/07/21","Tue",,71.747,1.4059,11.974,,,,35.103,,5.2116,0.78535,1.7077,1.3446,777.42,6.9813,3628.6,6.5750,0.50929,23.077,6.5007
2459053,"2020/07/22","Wed",,71.829,1.3991,11.883,,,,34.837,,5.1124,0.78581,1.6890,1.3420,770.13,6.9969,3625.9,6.4958,0.50543,22.768,6.4287
2459054,"2020/07/23","Thu",,71.954,1.4058,11.869,,,,34.795,,5.1747,0.78569,1.6913,1.3392,767.42,7.0042,3661.3,6.5045,0.50483,22.780,6.4365
2459055,"2020/07/24","Fri",,71.901,1.4099,11.832,,,,34.687,,5.2040,0.78243,1.6850,1.3421,774.92,7.0157,3687.8,6.4762,0.50327,22.631,6.4131
2459058,"2020/07/27","Mon",,72.038,1.4010,11.708,,,,34.323,,5.1793,0.77689,1.6635,1.3378,770.02,7.0005,3677.3,6.3929,0.49798,22.278,6.3310
2459059,"2020/07/28","Tue",,72.152,1.3975,11.734,,,,34.400,,5.1673,0.77354,1.6667,1.3373,767.33,7.0016,3730.0,6.3972,0.49910,22.370,6.3426
2459060,"2020/07/29","Wed",,72.104,1.3937,11.694,,,,34.282,,5.1503,0.77047,1.6680,1.3360,756.96,7.0021,3717.8,6.3913,0.49738,22.422,6.3476
2459061,"2020/07/30","Thu",,72.239,1.3980,11.660,,,,34.184,,5.1721,0.76592,1.6657,1.3432,753.33,7.0068,3744.2,6.3775,0.49596,22.355,6.3388
2459062,"2020/07/31","Fri",,72.467,1.3968,11.651,,,,34.156,,5.2034,0.76198,1.6490,1.3404,757.75,6.9740,3737.8,6.3078,0.49555,22.069,6.2764
2459066,"2020/08/04","Tue",,72.669,1.3996,11.696,,,,34.288,,5.3211,0.76666,1.6581,1.3372,769.75,6.9755,3799.6,6.3315,0.49748,22.230,6.3127
2459067,"2020/08/05","Wed",,72.687,1.3865,11.586,,,,33.965,,5.2858,0.76144,1.6518,1.3262,778.21,6.9362,3781.9,6.3074,0.49279,22.040,6.2926
2459068,"2020/08/06","Thu",,72.657,1.3852,11.603,,,,34.014,,5.3467,0.76037,1.6508,1.3292,777.67,6.9519,3763.0,6.3033,0.49350,22.116,6.2881
2459069,"2020/08/07","Fri",,72.738,1.3949,11.676,,,,34.229,,5.4180,0.76619,1.6590,1.3377,783.99,6.9672,3743.2,6.3276,0.49662,22.291,6.3181
2459072,"2020/08/10","Mon",,72.940,1.3967,11.703,,,,34.310,,5.4152,0.76475,1.6594,1.3354,797.88,6.9625,3769.6,6.3489,0.49779,22.215,6.3193
2459073,"2020/08/11","Tue",,72.963,1.3961,11.694,,,,34.281,,5.4138,0.76403,1.6604,1.3291,790.14,6.9477,3751.2,6.3496,0.49737,22.204,6.3220
2459074,"2020/08/12","Wed",,73.040,1.3963,11.672,,,,34.216,,5.4611,0.76710,1.6570,1.3254,792.29,6.9393,3754.6,6.3445,0.49643,22.127,6.3095
2459075,"2020/08/13","Thu",,73.083,1.3967,11.637,,,,34.116,,5.3771,0.76443,1.6531,1.3217,794.41,6.9454,3768.8,6.3499,0.49498,22.082,6.2948
2459076,"2020/08/14","Fri",,73.122,1.3955,11.629,,,,34.093,,5.4060,0.76312,1.6560,1.3250,797.91,6.9517,3781.6,6.3804,0.49463,22.114,6.3054
2459079,"2020/08/17","Mon",,73.090,1.3874,11.597,,,,33.997,,5.4687,0.76345,1.6469,1.3207,805.23,6.9328,3777.2,6.3408,0.49325,22.012,6.2709
2459080,"2020/08/18","Tue",,73.213,1.3811,11.530,,,,33.801,,5.4715,0.75612,1.6436,1.3170,796.70,6.9207,3786.2,6.3275,0.49040,21.962,6.2578
2459081,"2020/08/19","Wed",,73.548,1.3826,11.567,,,,33.911,,5.4971,0.75918,1.6420,1.3171,783.18,6.9175,3762.7,6.3242,0.49200,21.928,6.2508
2459082,"2020/08/20","Thu",,73.592,1.3944,11.614,,,,34.049,,5.6149,0.75951,1.6486,1.3195,784.53,6.9156,3789.5,6.3519,0.49400,21.967,6.2756
2459083,"2020/08/21","Fri",,73.598,1.3977,11.684,,,,34.252,,5.6048,0.76391,1.6595,1.3205,792.80,6.9209,3828.7,6.3843,0.49695,22.131,6.3162
2459086,"2020/08/24","Mon",,73.659,1.3937,11.650,,,,34.154,,5.5938,0.76452,1.6585,1.3207,786.31,6.9183,3839.9,6.3881,0.49553,22.126,6.3122
2459087,"2020/08/25","Tue",,73.806,1.3927,11.640,,,,34.123,,5.5765,0.76130,1.6545,1.3194,786.13,6.9115,3866.7,6.3690,0.49507,22.097,6.2957
2459088,"2020/08/26","Wed",,73.957,1.3844,11.645,,,,34.140,,5.5812,0.75826,1.6553,1.3155,787.53,6.8874,3847.5,6.3708,0.49532,22.227,6.3002
2459089,"2020/08/27","Thu",,74.077,1.3791,11.646,,,,34.143,,5.5844,0.75737,1.6544,1.3129,786.76,6.8919,3827.7,6.3663,0.49536,22.226,6.2958
2459090,"2020/08/28","Fri",,74.007,1.3611,11.570,,,,33.920,,5.4503,0.75059,1.6470,1.3097,781.28,6.8643,3757.7,6.3388,0.49212,22.063,6.2684
2459093,"2020/08/31","Mon",,74.210,1.3550,11.524,,,,33.784,,5.4683,0.74859,1.6350,1.3042,776.01,6.8462,3743.1,6.2932,0.49015,21.909,6.2229
2459094,"2020/09/01","Tue",,74.308,1.3559,11.521,,,,33.776,,5.3746,0.74545,1.6367,1.3055,771.51,6.8279,3679.1,6.3032,0.49004,21.947,6.2291
2459095,"2020/09/02","Wed",,74.304,1.3658,11.623,,,,34.074,,5.3685,0.75059,1.6493,1.3067,772.47,6.8342,3650.1,6.3530,0.49436,22.211,6.2752
2459096,"2020/09/03","Thu",,74.342,1.3733,11.622,,,,34.072,,5.3022,0.75350,1.6568,1.3123,774.20,6.8420,3652.4,6.3836,0.49434,22.337,6.3028
2459097,"2020/09/04","Fri",,74.334,1.3758,11.636,,,,34.114,,5.2970,0.75524,1.6507,1.3089,772.53,6.8421,3698.2,6.3630,0.49494,22.312,6.2797
2459101,"2020/09/08","Tue",,74.689,1.3826,11.671,,,,34.216,,5.3578,0.76781,1.6620,1.3191,774.60,6.8453,3754.3,6.4013,0.49642,22.537,6.3229
2459102,"2020/09/09","Wed",,74.834,1.3753,11.655,,,,34.169,,5.2989,0.76990,1.6554,1.3173,767.18,6.8360,3720.3,6.3795,0.49574,22.447,6.2977
2459103,"2020/09/10","Thu",,74.898,1.3728,11.597,,,,33.998,,5.2987,0.77716,1.6516,1.3162,767.00,6.8339,3710.5,6.3648,0.49327,22.450,6.2832
2459104,"2020/09/11","Fri",,74.923,1.3734,11.622,,,,34.071,,5.3041,0.78144,1.6508,1.3186,768.11,6.8357,3710.1,6.3634,0.49433,22.423,6.2800
2459107,"2020/09/14","Mon",,75.156,1.3717,11.591,,,,33.980,,5.2912,0.77678,1.6474,1.3175,769.82,6.8123,3699.2,6.3485,0.49300,22.457,6.2668
2459108,"2020/09/15","Tue",,75.112,1.3679,11.606,,,,34.024,,5.2746,0.77615,1.6483,1.3176,759.57,6.7813,3674.9,6.3524,0.49364,22.609,6.2699
2459109,"2020/09/16","Wed",,75.263,1.3657,11.628,,,,34.088,,5.2462,0.77055,1.6479,1.3168,761.63,6.7563,3709.8,6.3544,0.49457,22.519,6.2685
2459110,"2020/09/17","Thu",,75.270,1.3707,11.641,,,,34.127,,5.2548,0.77315,1.6584,1.3200,762.34,6.7658,3708.8,6.3951,0.49514,22.680,6.3084
2459111,"2020/09/18","Fri",,75.427,1.3693,11.610,,,,34.036,,5.3127,0.77242,1.6530,1.3186,763.66,6.7690,3727.8,6.3741,0.49382,22.590,6.2886
2459114,"2020/09/21","Mon",,75.517,1.3853,11.707,,,,34.321,,5.4279,0.78075,1.6661,1.3293,773.71,6.8030,3790.9,6.4244,0.49795,22.984,6.3388
2459115,"2020/09/22","Tue",,75.623,1.3921,11.741,,,,34.420,,5.4460,0.78437,1.6654,1.3310,774.34,6.7770,3814.6,6.4241,0.49939,22.997,6.3367
2459116,"2020/09/23","Wed",,75.653,1.4089,11.783,,,,34.545,,5.5450,0.78484,1.6754,1.3358,781.37,6.8084,3865.4,6.4679,0.50119,23.099,6.3757
2459117,"2020/09/24","Thu",,75.719,1.4199,11.804,,,,34.604,,5.5471,0.78458,1.6767,1.3374,785.52,6.8304,3862.1,6.4753,0.50205,23.160,6.3805
2459118,"2020/09/25","Fri",,75.832,1.4239,11.835,,,,34.696,,5.5608,0.78624,1.6838,1.3396,788.21,6.8242,3854.9,6.4991,0.50339,23.337,6.4109
2459121,"2020/09/28","Mon",,76.016,1.4155,11.799,,,,34.590,,5.6045,0.77788,1.6751,1.3378,783.45,6.8116,3863.7,6.4663,0.50185,23.239,6.3772
2459122,"2020/09/29","Tue",,76.036,1.4038,11.733,,,,34.396,,5.6431,0.77791,1.6730,1.3391,785.54,6.8148,3874.0,6.4590,0.49904,23.222,6.3693
2459123,"2020/09/30","Wed",,76.256,1.3975,11.743,,,,34.425,,5.6330,0.77557,1.6642,1.3339,788.36,6.7952,3852.9,6.4300,0.49945,23.173,6.3361
2459124,"2020/10/01","Thu",,76.246,1.3914,11.715,,,,34.345,,5.6418,0.77536,1.6647,1.3292,785.96,6.7920,3851.9,6.4375,0.49830,22.912,6.3346
2459125,"2020/10/02","Fri",,76.969,1.3969,11.746,,,,34.434,,5.6494,0.77321,1.6684,1.3310,791.44,6.7908,3897.2,6.4507,0.49958,23.049,6.3478
2459128,"2020/10/05","Mon",,77.052,1.3923,11.681,,,,34.244,,5.6082,0.77074,1.6621,1.3269,796.19,6.7907,3848.3,6.4314,0.49683,23.027,6.3226
2459129,"2020/10/06","Tue",,77.094,1.3982,11.679,,,,34.239,,5.5439,0.77244,1.6607,1.3272,795.76,6.7922,3830.5,6.4269,0.49675,22.956,6.3183
2459130,"2020/10/07","Wed",,77.083,1.4005,11.692,,,,34.277,,5.6013,0.77505,1.6601,1.3275,795.71,6.7903,3831.2,6.4240,0.49731,22.971,6.3167
2459131,"2020/10/08","Thu",,77.090,1.3966,11.708,,,,34.324,,5.6041,0.77342,1.6592,1.3220,797.65,6.7899,3837.7,6.4204,0.49799,22.984,6.3138
2459132,"2020/10/09","Fri",,77.207,1.3838,11.644,,,,34.135,,5.5379,0.76900,1.6530,1.3136,796.81,6.6952,3825.2,6.4036,0.49524,22.913,6.2901
2459136,"2020/10/13","Tue",,77.198,1.3959,11.710,,,,34.330,,5.5790,0.77117,1.6625,1.3133,797.61,6.7453,3854.0,6.4420,0.49808,23.253,6.3270
2459137,"2020/10/14","Wed",,77.382,1.3941,11.704,,,,34.313,,5.5745,0.76751,1.6652,1.3139,798.66,6.7173,3843.5,6.4524,0.49783,23.255,6.3378
2459138,"2020/10/15","Thu",,77.365,1.4122,11.761,,,,34.479,,5.6107,0.77436,1.6744,1.3230,800.43,6.7260,3848.6,6.4911,0.50024,23.407,6.3722
2459139,"2020/10/16","Fri",,77.622,1.4115,11.738,,,,34.411,,5.6328,0.77400,1.6649,1.3192,795.63,6.6964,3848.9,6.4543,0.49925,23.222,6.3351
2459142,"2020/10/19","Mon",,77.576,1.4109,11.680,,,,34.241,,5.5950,0.77020,1.6587,1.3165,785.92,6.6827,3841.3,6.4307,0.49678,23.192,6.3107
2459143,"2020/10/20","Tue",,77.752,1.4183,11.636,,,,34.113,,5.5811,0.77260,1.6496,1.3138,788.34,6.6792,3835.4,6.3953,0.49494,22.969,6.2772
2459144,"2020/10/21","Wed",,77.633,1.4048,11.596,,,,33.995,,5.6005,0.76109,1.6497,1.3122,782.03,6.6508,3777.9,6.3898,0.49322,22.930,6.2782
2459145,"2020/10/22","Thu",,78.173,1.4063,11.638,,,,34.119,,5.5876,0.76394,1.6520,1.3142,779.92,6.6846,3791.5,6.4015,0.49502,23.000,6.2850
2459146,"2020/10/23","Fri",,78.053,1.4034,11.614,,,,34.048,,5.6130,0.76654,1.6513,1.3140,775.98,6.6836,3779.9,6.3980,0.49399,22.984,6.2823
2459149,"2020/10/26","Mon",,78.177,1.4041,11.646,,,,34.141,,5.6294,0.76804,1.6572,1.3201,775.76,6.7112,3812.2,6.4209,0.49533,23.127,6.3050
2459150,"2020/10/27","Tue",,78.302,1.4012,11.635,,,,34.111,,5.6522,0.76606,1.6516,1.3164,770.32,6.7061,3806.7,6.3962,0.49490,23.085,6.2831
2459151,"2020/10/28","Wed",,78.251,1.4169,11.719,,,,34.356,,5.7386,0.77064,1.6701,1.3302,772.84,6.7284,3827.5,6.4706,0.49845,23.415,6.3560
2459152,"2020/10/29","Thu",,78.269,1.4237,11.785,,,,34.550,,5.7713,0.77385,1.6674,1.3349,769.85,6.7148,3842.1,6.4563,0.50127,23.332,6.3481
2459153,"2020/10/30","Fri",,78.254,1.4212,11.798,,,,34.587,,5.7604,0.77188,1.6744,1.3318,772.26,6.6891,3847.0,6.4850,0.50181,23.330,6.3753
2459156,"2020/11/02","Mon",,78.686,1.4195,11.829,,,,34.679,,5.7439,0.77476,1.6765,1.3257,767.49,6.6921,3870.0,6.4884,0.50314,23.256,6.3821
2459157,"2020/11/03","Tue",,78.990,1.3990,11.748,,,,34.442,,5.7227,0.76732,1.6710,1.3145,755.61,6.6794,3817.9,6.4589,0.49970,22.995,6.3621
2459158,"2020/11/04","Wed",,79.152,1.3947,11.746,,,,34.435,,5.6752,0.76965,1.6673,1.3138,756.77,6.6555,3821.4,6.4390,0.49960,22.831,6.3483
2459159,"2020/11/05","Thu",,79.132,1.3771,11.640,,,,34.125,,5.5583,0.76317,1.6491,1.3051,756.38,6.6081,3767.6,6.3676,0.49510,22.569,6.2790
2459160,"2020/11/06","Fri",,79.085,1.3763,11.583,,,,33.957,,5.4648,0.76056,1.6426,1.3039,752.40,6.6121,3726.9,6.3486,0.49267,22.397,6.2565
2459163,"2020/11/09","Mon",,79.267,1.3707,11.621,,,,34.070,,5.3462,0.76012,1.6485,1.2970,755.00,6.6241,3655.1,6.3754,0.49430,22.315,6.2773
2459164,"2020/11/10","Tue",,79.573,1.3748,11.646,,,,34.142,,5.3789,0.75500,1.6539,1.3017,757.53,6.6177,3643.2,6.3952,0.49535,22.351,6.2954
2459166,"2020/11/12","Thu",,79.692,1.3790,11.657,,,,34.173,,5.4295,0.76137,1.6620,1.3123,757.08,6.6144,3638.8,6.4340,0.49581,22.489,6.3273
2459167,"2020/11/13","Fri",,79.627,1.3778,11.635,,,,34.110,,5.4871,0.75906,1.6559,1.3147,766.64,6.6065,3636.7,6.4109,0.49489,22.404,6.3049
2459170,"2020/11/16","Mon",,80.017,1.3680,11.625,,,,34.079,,5.4250,0.75820,1.6536,1.3085,766.57,6.5853,3638.8,6.3979,0.49443,22.282,6.2973
2459171,"2020/11/17","Tue",,80.026,1.3692,11.594,,,,33.988,,5.3620,0.75457,1.6458,1.3094,764.34,6.5568,3643.2,6.3676,0.49312,22.307,6.2676
2459172,"2020/11/18","Wed",,80.242,1.3668,11.597,,,,33.997,,5.3145,0.75269,1.6468,1.3063,757.82,6.5610,3647.3,6.3715,0.49325,22.230,6.2744
2459173,"2020/11/19","Thu",,80.256,1.3746,11.615,,,,34.052,,5.3204,0.75559,1.6507,1.3083,757.63,6.5843,3641.0,6.3854,0.49404,22.246,6.2877
2459174,"2020/11/20","Fri",,80.307,1.3678,11.602,,,,34.012,,5.3702,0.75294,1.6510,1.3071,760.89,6.5650,3645.2,6.3874,0.49346,22.235,6.2881
2459177,"2020/11/23","Mon",,80.259,1.3713,11.613,,,,34.045,,5.4170,0.75020,1.6475,1.3082,771.56,6.5838,3638.7,6.3696,0.49394,22.164,6.2733
2459178,"2020/11/24","Tue",,80.732,1.3616,11.590,,,,33.979,,5.3878,0.74954,1.6441,1.3033,773.74,6.5890,3637.2,6.3559,0.49298,22.073,6.2562
2459179,"2020/11/25","Wed",,80.802,1.3596,11.553,,,,33.870,,5.3291,0.74790,1.6431,1.3003,768.42,6.5771,3616.5,6.3507,0.49140,21.990,6.2519
2459180,"2020/11/26","Thu",,80.870,1.3585,11.557,,,,33.880,,5.3223,0.74938,1.6450,1.3013,765.81,6.5755,3616.3,6.3544,0.49156,21.984,6.2592
2459181,"2020/11/27","Fri",,81.024,1.3537,11.516,,,,33.760,,5.3436,0.75067,1.6388,1.2985,767.12,6.5780,3607.7,6.3326,0.48980,21.964,6.2353
2459184,"2020/11/30","Mon",,81.221,1.3584,11.503,,,,33.723,,5.3486,0.74916,1.6343,1.2965,765.65,6.5779,3588.2,6.3119,0.48927,21.886,6.2178
2459185,"2020/12/01","Tue",,81.285,1.3587,11.441,,,,33.540,,5.2565,0.74673,1.6320,1.2952,758.94,6.5713,3543.5,6.3012,0.48661,21.891,6.2116
2459186,"2020/12/02","Wed",,81.505,1.3539,11.383,,,,33.371,,5.2343,0.74958,1.6196,1.2934,755.66,6.5622,3521.6,6.2538,0.48417,21.871,6.1642
2459187,"2020/12/03","Thu",,81.592,1.3440,11.325,,,,33.202,,5.1458,0.74236,1.6053,1.2880,751.18,6.5447,3476.6,6.1946,0.48171,21.686,6.1099
2459188,"2020/12/04","Fri",,81.730,1.3452,11.329,,,,33.213,,5.1534,0.74209,1.6015,1.2801,745.37,6.5311,3468.3,6.1753,0.48187,21.714,6.0946
2459191,"2020/12/07","Mon",,81.474,1.3451,11.342,,,,33.251,,5.0919,0.74947,1.6114,1.2801,742.71,6.5311,3482.6,6.2122,0.48243,21.819,6.1326
2459192,"2020/12/08","Tue",,81.593,1.3492,11.361,,,,33.306,,5.1048,0.74905,1.6153,1.2808,744.33,6.5314,3484.1,6.2275,0.48322,21.802,6.1476
2459193,"2020/12/09","Wed",,82.069,1.3419,11.387,,,,33.381,,5.1438,0.74618,1.6184,1.2803,742.33,6.5422,3467.7,6.2468,0.48431,21.713,6.1590
2459194,"2020/12/10","Thu",,82.175,1.3298,11.347,,,,33.266,,5.0632,0.75238,1.6114,1.2734,735.45,6.5437,3437.8,6.2166,0.48264,21.674,6.1316
2459195,"2020/12/11","Fri",,82.197,1.3272,11.356,,,,33.292,,5.0610,0.75704,1.6126,1.2769,733.47,6.5449,3433.1,6.2147,0.48302,21.707,6.1367
2459198,"2020/12/14","Mon",,82.321,1.3246,11.324,,,,33.199,,5.0926,0.74922,1.6122,1.2757,733.41,6.5488,3423.5,6.2062,0.48167,21.693,6.1346
2459199,"2020/12/15","Tue",,82.485,1.3245,11.323,,,,33.196,,5.0970,0.74563,1.6081,1.2722,735.56,6.5409,3413.6,6.1881,0.48162,21.674,6.1194
2459200,"2020/12/16","Wed",,82.601,1.3222,11.298,,,,33.122,,5.1135,0.74098,1.6039,1.2753,733.63,6.5333,3414.7,6.1812,0.48056,21.486,6.1026
2459201,"2020/12/17","Thu",,82.723,1.3117,11.226,,,,32.911,,5.0669,0.73548,1.6000,1.2718,721.91,6.5321,3410.1,6.1614,0.47749,21.437,6.0864
2459202,"2020/12/18","Fri",,82.869,1.3138,11.241,,,,32.954,,5.0917,0.74062,1.5977,1.2775,725.87,6.5379,3418.9,6.1537,0.47812,21.354,6.0773
2459205,"2020/12/21","Mon",,83.142,1.3222,11.257,,,,33.000,,5.1437,0.74847,1.6021,1.2849,727.28,6.5489,3435.1,6.1743,0.47878,21.523,6.0945
2459206,"2020/12/22","Tue",,83.105,1.3274,11.292,,,,33.103,,5.1529,0.74838,1.6026,1.2908,723.52,6.5423,3442.7,6.1799,0.48027,21.553,6.0964
2459207,"2020/12/23","Wed",,83.402,1.3199,11.290,,,,33.098,,5.1901,0.74106,1.6045,1.2856,713.82,6.5392,3489.9,6.1889,0.48020,21.635,6.1019
2459208,"2020/12/24","Thu",,83.328,1.3160,11.290,,,,33.097,,5.2175,0.73714,1.6034,1.2835,715.03,6.5318,3503.5,6.1864,0.48018,21.560,6.0985
2459213,"2020/12/29","Tue",,82.862,1.3137,11.232,,,,32.929,,5.1888,0.74092,1.5940,1.2806,710.88,6.5303,3495.6,6.1489,0.47775,21.436,6.0621
2459214,"2020/12/30","Wed",,82.623,1.3026,11.198,,,,32.828,,5.1885,0.73499,1.5906,1.2769,708.83,6.5248,3485.5,6.1369,0.47628,21.350,6.0501
2459215,"2020/12/31","Thu",,82.384,1.2946,11.225,,,,32.907,,5.1946,0.73252,1.5929,1.2732,706.77,6.5326,3475.4,6.1505,0.47743,21.372,6.0601
2459219,"2021/01/04","Mon",,84.620,1.3021,11.218,,,,32.886,,5.2173,0.73637,1.5965,1.2751,701.95,6.4627,3428.1,6.1682,0.47713,21.338,6.0714
2459220,"2021/01/05","Tue",,84.763,1.2918,11.201,,,,32.836,,5.2968,0.73476,1.5879,1.2707,697.67,6.4568,3439.2,6.1370,0.47640,21.294,6.0395
2459221,"2021/01/06","Wed",,84.840,1.2840,11.179,,,,32.773,,5.3075,0.73553,1.5863,1.2685,696.89,6.4620,3428.7,6.1312,0.47548,21.205,6.0337
2459222,"2021/01/07","Thu",,84.920,1.2902,11.216,,,,32.882,,5.3752,0.73702,1.5930,1.2707,710.33,6.4732,3472.1,6.1625,0.47707,21.297,6.0592
2459223,"2021/01/08","Fri",,85.140,1.2880,11.246,,,,32.970,,5.3880,0.73648,1.5987,1.2705,707.98,6.4722,3477.2,6.1870,0.47835,21.386,6.0790
2459226,"2021/01/11","Mon",,85.464,1.2987,11.317,,,,33.177,,5.4931,0.74056,1.6083,1.2788,721.43,6.4815,3514.8,6.2332,0.48135,21.577,6.1158
2459227,"2021/01/12","Tue",,85.256,1.2928,11.305,,,,33.142,,5.4100,0.73392,1.6073,1.2746,725.82,6.4635,3483.8,6.2296,0.48085,21.523,6.1129
2459228,"2021/01/13","Wed",,85.530,1.2919,11.313,,,,33.166,,5.3091,0.73290,1.6051,1.2710,741.32,6.4682,3470.8,6.2212,0.48120,21.480,6.1053
2459229,"2021/01/14","Thu",,85.748,1.2865,11.332,,,,33.222,,5.2311,0.73161,1.6090,1.2654,727.82,6.4726,3456.8,6.2270,0.48201,21.547,6.1203
2459230,"2021/01/15","Fri",,85.811,1.2963,11.377,,,,33.353,,5.2765,0.73549,1.6150,1.2727,734.02,6.4801,3475.4,6.2372,0.48391,21.604,6.1429
2459233,"2021/01/18","Mon",,86.073,1.3017,11.397,,,,33.412,,5.2823,0.73679,1.6194,1.2762,733.60,6.4914,3481.0,6.2543,0.48477,21.681,6.1598
2459234,"2021/01/19","Tue",,86.251,1.2984,11.347,,,,33.266,,5.3240,0.73417,1.6134,1.2735,737.24,6.4809,3493.1,6.2409,0.48264,21.580,6.1368
2459235,"2021/01/20","Wed",,86.450,1.2921,11.368,,,,33.327,,5.3065,0.73258,1.6095,1.2656,722.73,6.4670,3472.3,6.2243,0.48353,21.499,6.1212
2459236,"2021/01/21","Thu",,86.352,1.2887,11.322,,,,33.190,,5.3504,0.72883,1.6094,1.2627,717.53,6.4621,3476.1,6.2250,0.48154,21.472,6.1218
2459237,"2021/01/22","Fri",,86.496,1.2960,11.307,,,,33.148,,5.4528,0.73152,1.6089,1.2716,727.59,6.4811,3524.2,6.2235,0.48093,21.513,6.1206
2459240,"2021/01/25","Mon",,86.771,1.2969,11.335,,,,33.231,,5.4670,0.73152,1.6115,1.2738,731.38,6.4791,3591.8,6.2347,0.48213,21.490,6.1309
2459241,"2021/01/26","Tue",,86.989,1.2914,11.316,,,,33.173,,5.3685,0.72849,1.6086,1.2702,731.97,6.4641,3588.4,6.2202,0.48130,21.450,6.1182
2459242,"2021/01/27","Wed",,87.107,1.3018,11.370,,,,33.334,,5.3926,0.73004,1.6169,1.2775,739.76,6.4815,3633.3,6.2490,0.48363,21.515,6.1487
2459243,"2021/01/28","Thu",,87.163,1.3040,11.347,,,,33.264,,5.4257,0.72896,1.6097,1.2810,737.34,6.4534,3575.2,6.2266,0.48261,21.493,6.1209
2459244,"2021/01/29","Fri",,87.239,1.3050,11.336,,,,33.233,,5.4732,0.72887,1.6105,1.2780,732.27,6.4286,3546.2,6.2301,0.48216,21.426,6.1240
2459247,"2021/02/01","Mon",,87.632,1.3110,11.394,,,,33.403,,5.4593,0.73117,1.6209,1.2824,736.62,6.4670,3560.1,6.2773,0.48464,21.527,6.1636
2459248,"2021/02/02","Tue",,87.720,1.3178,11.441,,,,33.542,,5.3699,0.73275,1.6256,1.2818,731.57,6.4574,3524.4,6.3009,0.48664,21.527,6.1815
2459249,"2021/02/03","Wed",,87.924,1.3126,11.446,,,,33.554,,5.3597,0.73280,1.6263,1.2783,733.52,6.4593,3524.1,6.2940,0.48683,21.557,6.1845
2459250,"2021/02/04","Thu",,87.866,1.3154,11.493,,,,33.694,,5.4172,0.73169,1.6336,1.2828,738.89,6.4690,3562.6,6.3242,0.48886,21.629,6.2116
2459251,"2021/02/05","Fri",,87.997,1.3063,11.439,,,,33.534,,5.3730,0.72866,1.6286,1.2777,736.59,6.4661,3532.4,6.2963,0.48654,21.489,6.1921
2459254,"2021/02/08","Mon",,88.105,1.2995,11.423,,,,33.487,,5.3584,0.72833,1.6235,1.2753,732.57,6.4507,3552.6,6.2742,0.48584,21.366,6.1731
2459255,"2021/02/09","Tue",,88.346,1.2946,11.368,,,,33.328,,5.4008,0.72494,1.6139,1.2719,735.21,6.4367,3583.3,6.2440,0.48354,21.238,6.1366
2459256,"2021/02/10","Wed",,88.427,1.2931,11.344,,,,33.256,,5.3813,0.72228,1.6121,1.2689,726.51,6.4542,3560.7,6.2353,0.48249,21.295,6.1304
2459257,"2021/02/11","Thu",,88.478,1.2891,11.341,,,,33.248,,5.3777,0.72367,1.6128,1.2686,724.44,6.4593,3524.7,6.2414,0.48238,21.252,6.1335
2459258,"2021/02/12","Fri",,88.656,1.2907,11.361,,,,33.305,,5.3792,0.72263,1.6124,1.2711,723.02,6.4588,3511.2,6.2417,0.48320,21.231,6.1305
2459262,"2021/02/16","Tue",,88.352,1.2885,11.361,,,,33.305,,5.3700,0.71925,1.6145,1.2684,717.61,6.4582,3508.3,6.2508,0.48321,21.259,6.1391
2459263,"2021/02/17","Wed",,88.863,1.2917,11.429,,,,33.505,,5.3956,0.72178,1.6246,1.2712,715.75,6.4594,3533.2,6.2883,0.48612,21.499,6.1772
2459264,"2021/02/18","Thu",,88.998,1.2885,11.390,,,,33.391,,5.4349,0.71624,1.6222,1.2696,711.95,6.4842,3534.7,6.2841,0.48446,21.452,6.1678
2459265,"2021/02/19","Fri",,89.263,1.2717,11.350,,,,33.273,,5.3952,0.71346,1.6117,1.2614,708.70,6.4555,3553.2,6.2448,0.48275,21.301,6.1284
2459268,"2021/02/22","Mon",,89.480,1.2641,11.322,,,,33.190,,5.4768,0.71115,1.6094,1.2613,708.49,6.4649,3593.9,6.2303,0.48154,21.357,6.1193
2459269,"2021/02/23","Tue",,89.537,1.2648,11.326,,,,33.203,,5.4441,0.70947,1.6090,1.2603,706.56,6.4664,3591.5,6.2336,0.48173,21.313,6.1181
2459270,"2021/02/24","Wed",,89.752,1.2611,11.334,,,,33.227,,5.4226,0.70861,1.6076,1.2548,704.74,6.4547,3586.8,6.2308,0.48208,21.353,6.1124
2459271,"2021/02/25","Thu",,89.757,1.2598,11.270,,,,33.039,,5.4884,0.70947,1.6062,1.2530,714.81,6.4554,3589.8,6.2330,0.47934,21.443,6.1072
2459272,"2021/02/26","Fri",,89.756,1.2924,11.373,,,,33.341,,5.5612,0.71699,1.6183,1.2685,724.71,6.4719,3613.8,6.2742,0.48372,21.674,6.1527
2459275,"2021/03/01","Mon",,90.108,1.2875,11.422,,,,33.485,,5.5874,0.71795,1.6212,1.2661,722.23,6.4663,3609.9,6.2812,0.48582,21.624,6.1639
2459276,"2021/03/02","Tue",,90.250,1.2795,11.405,,,,33.434,,5.6848,0.71694,1.6219,1.2626,732.58,6.4716,3653.8,6.2881,0.48508,21.679,6.1667
2459277,"2021/03/03","Wed",,90.349,1.2829,11.405,,,,33.434,,5.7283,0.71621,1.6216,1.2631,730.44,6.4675,3682.6,6.2852,0.48508,21.672,6.1656
2459278,"2021/03/04","Thu",,90.685,1.2876,11.456,,,,33.584,,5.6164,0.71703,1.6246,1.2637,728.64,6.4706,3662.8,6.3023,0.48726,21.770,6.1770
2459279,"2021/03/05","Fri",,90.324,1.3024,11.546,,,,33.847,,5.6858,0.72306,1.6343,1.2668,736.46,6.4964,3638.0,6.3294,0.49107,21.979,6.2139
2459282,"2021/03/08","Mon",,90.530,1.3043,11.601,,,,34.008,,5.7441,0.72302,1.6469,1.2660,734.79,6.5258,3612.1,6.3809,0.49341,22.244,6.2616
2459283,"2021/03/09","Tue",,90.490,1.2975,11.569,,,,33.916,,5.8145,0.71970,1.6485,1.2635,732.21,6.5062,3590.8,6.3987,0.49208,22.158,6.2683
2459284,"2021/03/10","Wed",,90.699,1.2946,11.555,,,,33.874,,5.7052,0.71895,1.6432,1.2637,725.96,6.5072,3551.3,6.3740,0.49147,22.034,6.2480
2459285,"2021/03/11","Thu",,90.780,1.2863,11.498,,,,33.706,,5.5654,0.71569,1.6322,1.2561,714.13,6.4915,3535.2,6.3310,0.48903,21.827,6.2063
2459286,"2021/03/12","Fri",,91.003,1.2895,11.523,,,,33.780,,5.5623,0.71910,1.6316,1.2493,722.76,6.5068,3571.7,6.3308,0.49010,21.816,6.2040
2459289,"2021/03/15","Mon",,90.943,1.2922,11.539,,,,33.827,,5.6166,0.71964,1.6410,1.2480,720.41,6.5000,3572.5,6.3598,0.49078,21.977,6.2393
2459290,"2021/03/16","Tue",,91.079,1.2908,11.556,,,,33.877,,5.5902,0.72003,1.6385,1.2455,723.30,6.5039,3555.7,6.3473,0.49151,21.947,6.2296
2459291,"2021/03/17","Wed",,91.105,1.2936,11.544,,,,33.843,,5.6377,0.71952,1.6415,1.2465,729.78,6.5023,3570.2,6.3588,0.49101,21.955,6.2409
2459292,"2021/03/18","Thu",,91.454,1.2851,11.542,,,,33.835,,5.5468,0.71783,1.6436,1.2458,724.65,6.5055,3573.8,6.3660,0.49090,21.993,6.2492
2459293,"2021/03/19","Fri",,91.347,1.2911,11.565,,,,33.904,,5.4923,0.72106,1.6441,1.2506,715.67,6.5101,3550.2,6.3684,0.49190,21.963,6.2512
2459296,"2021/03/22","Mon",,91.487,1.2909,11.533,,,,33.809,,5.5221,0.72188,1.6421,1.2513,714.33,6.5070,3554.6,6.3594,0.49052,21.893,6.2435
2459297,"2021/03/23","Tue",,91.666,1.3045,11.595,,,,33.992,,5.5000,0.72579,1.6447,1.2562,719.58,6.5156,3595.2,6.3706,0.49317,22.031,6.2532
2459298,"2021/03/24","Wed",,91.549,1.3136,11.635,,,,34.111,,5.5559,0.72937,1.6507,1.2562,725.10,6.5257,3638.9,6.3916,0.49490,22.118,6.2759
2459299,"2021/03/25","Thu",,91.697,1.3186,11.675,,,,34.226,,5.6504,0.72850,1.6604,1.2606,727.32,6.5452,3645.8,6.4306,0.49657,22.270,6.3128
2459300,"2021/03/26","Fri",,91.942,1.3115,11.672,,,,34.217,,5.7156,0.72528,1.6609,1.2580,729.57,6.5419,3669.3,6.4318,0.49644,22.148,6.3147
2459303,"2021/03/29","Mon",,91.895,1.3091,11.686,,,,34.258,,5.7744,0.72517,1.6606,1.2594,735.66,6.5696,3699.7,6.4293,0.49703,22.142,6.3136
2459304,"2021/03/30","Tue",,91.994,1.3155,11.737,,,,34.409,,5.7571,0.72856,1.6676,1.2631,728.35,6.5718,3718.0,6.4543,0.49923,22.273,6.3410
2459305,"2021/03/31","Wed",,91.987,1.3137,11.724,,,,34.371,,5.6849,0.72533,1.6638,1.2575,719.56,6.5529,3670.5,6.4402,0.49867,22.240,6.3269
2459306,"2021/04/01","Thu",,91.805,1.3150,11.697,,,,34.292,,5.6907,0.72362,1.6619,1.2565,714.51,6.5682,3654.8,6.4329,0.49753,22.165,6.3202
2459310,"2021/04/05","Mon",,92.311,1.3074,11.659,,,,34.178,,5.6597,0.71962,,1.2525,718.16,6.5679,3643.8,,0.49588,,
2459311,"2021/04/06","Tue",,92.361,1.3069,11.615,,,,34.050,,5.6192,0.72282,1.6552,1.2559,718.52,6.5411,3649.4,6.4064,0.49402,22.047,6.2946
2459312,"2021/04/07","Wed",,92.323,1.3124,11.579,,,,33.945,,5.6001,0.72704,1.6471,1.2617,713.70,6.5441,3639.9,6.3803,0.49249,21.828,6.2626
2459313,"2021/04/08","Thu",,92.358,1.3077,11.557,,,,33.881,,5.5758,0.72745,1.6459,1.2579,708.54,6.5516,3637.9,6.3821,0.49156,21.776,6.2594
2459314,"2021/04/09","Fri",,92.400,1.3114,11.569,,,,33.916,,5.6530,0.72862,1.6410,1.2544,710.35,6.5538,3639.9,6.3563,0.49207,21.769,6.2403
2459317,"2021/04/12","Mon",,92.580,1.3118,11.553,,,,33.868,,5.6827,0.72742,1.6443,1.2553,708.20,6.5482,3649.9,6.3621,0.49137,21.885,6.2525
2459318,"2021/04/13","Tue",,92.716,1.3106,11.529,,,,33.798,,5.7038,0.72777,1.6362,1.2554,707.63,6.5454,3666.3,6.3326,0.49036,21.765,6.2221
2459319,"2021/04/14","Wed",,92.803,1.2961,11.494,,,,33.696,,5.6865,0.72558,1.6313,1.2533,709.47,6.5310,3669.2,6.3143,0.48889,21.627,6.2033
2459320,"2021/04/15","Thu",,92.609,1.2904,11.496,,,,33.702,,5.6214,0.72537,1.6387,1.2530,700.74,6.5226,3610.1,6.3354,0.48896,21.735,6.2312
2459321,"2021/04/16","Fri",,92.785,1.2924,11.486,,,,33.672,,5.6118,0.72364,1.6317,1.2503,702.96,6.5222,3600.3,6.3131,0.48853,21.631,6.2046
2459324,"2021/04/19","Mon",,92.875,1.2884,11.436,,,,33.527,,5.5690,0.71562,1.6282,1.2519,699.26,6.5101,3607.0,6.3030,0.48643,21.564,6.1907
2459325,"2021/04/20","Tue",,92.903,1.2910,11.432,,,,33.513,,5.5335,0.71697,1.6296,1.2572,696.00,6.5005,3630.5,6.3085,0.48623,21.582,6.1960
2459326,"2021/04/21","Wed",,93.400,1.2916,11.445,,,,33.553,,5.5707,0.71814,1.6181,1.2523,700.18,6.4920,3657.0,6.2669,0.48681,21.422,6.1522
2459327,"2021/04/22","Thu",,93.137,1.2955,11.449,,,,33.565,,5.4873,0.72221,1.6226,1.2500,706.98,6.4901,3627.7,6.2818,0.48698,21.454,6.1696
2459328,"2021/04/23","Fri",,93.105,1.2915,11.396,,,,33.409,,5.4824,0.72124,1.6217,1.2489,713.62,6.4945,3644.5,6.2772,0.48471,21.432,6.1658
2459331,"2021/04/26","Mon",,93.390,1.2821,11.388,,,,33.387,,5.4534,0.71991,1.6151,1.2412,707.44,6.4848,3658.0,6.2475,0.48439,21.312,6.1409
2459332,"2021/04/27","Tue",,93.368,1.2867,11.389,,,,33.389,,5.4399,0.71906,1.6188,1.2403,700.76,6.4835,3715.4,6.2574,0.48443,21.433,6.1547
2459333,"2021/04/28","Wed",,93.448,1.2876,11.380,,,,33.363,,5.3984,0.71902,1.6160,1.2357,700.92,6.4798,3700.6,6.2461,0.48405,21.450,6.1442
2459334,"2021/04/29","Thu",,93.475,1.2868,11.354,,,,33.286,,5.3607,0.71694,1.6133,1.2292,706.09,6.4729,3713.5,6.2318,0.48293,21.295,6.1336
2459335,"2021/04/30","Fri",,93.512,1.2945,11.424,,,,33.489,,5.4071,0.72252,1.6197,1.2285,709.14,6.4726,3738.9,6.2497,0.48588,21.435,6.1582
2459338,"2021/05/03","Mon",,93.723,1.2897,11.410,,,,33.450,,5.4116,0.71912,1.6219,1.2279,706.11,6.4728,3823.3,6.2554,0.48532,21.373,6.1669
2459339,"2021/05/04","Tue",,93.763,1.2980,11.448,,,,33.560,,5.4419,0.72068,1.6235,1.2315,706.15,6.4748,3840.3,6.2594,0.48690,21.450,6.1725
2459340,"2021/05/05","Wed",,93.857,1.2917,11.467,,,,33.617,,5.3825,0.71909,1.6293,1.2272,703.06,6.4726,3856.4,6.2743,0.48774,21.514,6.1947
2459341,"2021/05/06","Thu",,93.867,1.2877,11.414,,,,33.461,,5.2928,0.71998,1.6161,1.2200,701.00,6.4653,3783.1,6.2252,0.48547,21.358,6.1446
2459342,"2021/05/07","Fri",,94.008,1.2765,11.332,,,,33.221,,5.2306,0.71569,1.6185,1.2156,694.78,6.4352,3764.0,6.2352,0.48199,21.253,6.1538
2459345,"2021/05/10","Mon",,93.990,1.2713,11.316,,,,33.175,,5.2291,0.70743,1.6045,1.2095,694.12,6.4164,3713.3,6.1870,0.48133,20.995,6.1005
2459346,"2021/05/11","Tue",,94.004,1.2755,11.315,,,,33.171,,5.2341,0.70679,1.6062,1.2096,700.60,6.4272,3694.0,6.1911,0.48127,21.000,6.1067
2459347,"2021/05/12","Wed",,93.980,1.2902,11.385,,,,33.376,,5.2546,0.70986,1.6156,1.2096,708.30,6.4512,3735.7,6.2182,0.48423,21.083,6.1426
2459348,"2021/05/13","Thu",,94.057,1.2945,11.391,,,,33.394,,5.2895,0.71228,1.6204,1.2150,709.79,6.4525,3726.4,6.2366,0.48450,21.189,6.1612
2459349,"2021/05/14","Fri",,94.040,1.2865,11.337,,,,33.236,,5.2671,0.70958,1.6111,1.2109,703.30,6.4375,3682.5,6.1937,0.48221,20.999,6.1255
2459352,"2021/05/17","Mon",,94.208,1.2885,11.324,,,,33.198,,5.2732,0.70807,1.6052,1.2081,714.24,6.4398,3686.4,6.1689,0.48166,20.927,6.1031
2459353,"2021/05/18","Tue",,94.099,1.2827,11.262,,,,33.017,,5.2556,0.70445,1.6041,1.2051,712.76,6.4238,3646.3,6.1682,0.47902,20.855,6.0992
2459354,"2021/05/19","Wed",,94.161,1.2915,11.273,,,,33.048,,5.2885,0.70682,1.6048,1.2100,714.81,6.4362,3681.1,6.1620,0.47947,20.878,6.1013
2459355,"2021/05/20","Thu",,94.342,1.2871,11.265,,,,33.024,,5.2869,0.70589,1.5974,1.2070,717.35,6.4339,3712.0,6.1334,0.47913,20.843,6.0737
2459356,"2021/05/21","Fri",,94.348,1.2917,11.295,,,,33.111,,5.3202,0.70586,1.6069,1.2061,718.93,6.4325,3731.1,6.1703,0.48040,20.911,6.1095
2459360,"2021/05/25","Tue",,94.124,1.2898,11.235,,,,32.937,,5.3161,0.70711,1.5979,1.2057,733.98,6.4099,3730.3,6.1372,0.47787,20.790,6.0751
2459361,"2021/05/26","Wed",,94.472,1.2906,11.271,,,,33.044,,5.3137,0.70773,1.6021,1.2110,732.74,6.3905,3746.6,6.1537,0.47941,20.848,6.0910
2459362,"2021/05/27","Thu",,94.575,1.2918,11.284,,,,33.079,,5.2720,0.70503,1.6013,1.2073,729.74,6.3845,3732.7,6.1544,0.47993,20.828,6.0883
2459363,"2021/05/28","Fri",,94.599,1.2980,11.296,,,,33.115,,5.2275,0.70534,1.6068,1.2086,724.93,6.3711,3713.9,6.1765,0.48045,20.910,6.1096
2459366,"2021/05/31","Mon",,94.688,1.2924,11.263,,,,33.018,,5.2328,0.70444,1.6032,1.2072,721.12,6.3704,3706.1,6.1530,0.47904,20.865,6.0958
2459367,"2021/06/01","Tue",,94.809,1.2895,11.248,,,,32.975,,5.1629,0.70587,1.6010,1.2040,721.90,6.3805,3668.5,6.1465,0.47842,20.843,6.0876
2459368,"2021/06/02","Wed",,94.786,1.2909,11.275,,,,33.053,,5.1046,0.70574,1.6029,1.2052,719.12,6.3835,3641.6,6.1504,0.47955,20.871,6.0948
2459369,"2021/06/03","Thu",,94.740,1.3045,11.339,,,,33.240,,5.0789,0.70857,1.6092,1.2103,718.06,6.4037,3645.8,6.1719,0.48227,20.938,6.1186
2459370,"2021/06/04","Fri",,94.773,1.2931,11.312,,,,33.161,,5.0624,0.70568,1.6099,1.2084,716.40,6.3970,3597.0,6.1766,0.48112,20.950,6.1217
2459373,"2021/06/07","Mon",,95.001,1.2885,11.291,,,,33.102,,5.0430,0.70532,1.6084,1.2073,715.19,6.3980,3613.4,6.1681,0.48026,20.888,6.1158
2459374,"2021/06/08","Tue",,95.018,1.2917,11.298,,,,33.120,,5.0404,0.70677,1.6088,1.2097,718.62,6.4005,3592.3,6.1674,0.48053,20.889,6.1171
2459375,"2021/06/09","Wed",,95.014,1.2923,11.290,,,,33.099,,5.0586,0.70785,1.6060,1.2095,721.08,6.3860,3582.8,6.1608,0.48022,20.839,6.1067
2459376,"2021/06/10","Thu",,95.068,1.2903,11.303,,,,33.137,,5.0645,0.70643,1.6048,1.2094,721.57,6.3922,3591.0,6.1528,0.48076,20.834,6.1019
2459377,"2021/06/11","Fri",,94.838,1.2977,11.364,,,,33.316,,5.1150,0.70838,1.6177,1.2148,719.13,6.3970,3611.4,6.1964,0.48337,20.955,6.1506
2459380,"2021/06/14","Mon",,95.352,1.2963,11.352,,,,33.279,,5.0740,0.70857,1.6114,1.2142,718.21,6.3973,3648.1,6.1703,0.48284,20.946,6.1267
2459381,"2021/06/15","Tue",,95.241,1.3012,11.352,,,,33.279,,5.0720,0.71034,1.6152,1.2188,724.89,6.4046,3663.3,6.1843,0.48283,21.018,6.1412
2459382,"2021/06/16","Wed",,95.459,1.3006,11.375,,,,33.348,,5.0293,0.70989,1.6150,1.2191,726.37,6.3995,3689.6,6.1913,0.48383,21.033,6.1406
2459383,"2021/06/17","Thu",,95.255,1.3227,11.543,,,,33.841,,5.0310,0.71788,1.6399,1.2341,735.94,6.4478,3730.7,6.2845,0.49098,21.390,6.2358
2459384,"2021/06/18","Fri",,95.211,1.3334,11.589,,,,33.974,,5.0443,0.72313,1.6500,1.2419,747.24,6.4514,3748.7,6.3259,0.49291,21.528,6.2735
2459387,"2021/06/21","Mon",,95.344,1.3280,11.554,,,,33.871,,5.0354,0.71876,1.6403,1.2377,746.92,6.4666,3760.6,6.2896,0.49141,21.444,6.2366
2459388,"2021/06/22","Tue",,95.382,1.3278,11.546,,,,33.848,,5.0065,0.71825,1.6410,1.2356,751.35,6.4793,3772.7,6.2917,0.49108,21.424,6.2393
2459389,"2021/06/23","Wed",,95.520,1.3191,11.521,,,,33.776,,4.9604,0.71561,1.6384,1.2287,733.70,6.4737,3781.3,6.2837,0.49004,21.285,6.2295
2459390,"2021/06/24","Thu",,95.434,1.3189,11.529,,,,33.800,,4.9225,0.71851,1.6411,1.2316,730.76,6.4719,3773.9,6.2925,0.49039,21.332,6.2396
2459391,"2021/06/25","Fri",,95.603,1.3164,11.520,,,,33.772,,4.9334,0.71945,1.6361,1.2294,732.62,6.4535,3732.1,6.2721,0.48998,21.321,6.2209
2459394,"2021/06/28","Mon",,95.758,1.3217,11.539,,,,33.829,,4.9439,0.71991,1.6426,1.2335,734.18,6.4581,3705.0,6.2959,0.49081,21.416,6.2459
2459395,"2021/06/29","Tue",,95.731,1.3306,11.566,,,,33.908,,4.9417,0.72260,1.6470,1.2384,735.59,6.4635,3748.7,6.3124,0.49196,21.454,6.2621